-54,3,6nOaDpqypVDtts4Fk39bOLaivrA=,ybNMmyBxT8lr+qzXdDSzVJkwhno=
-53,3,6nOaDpqypVDtts4Fk39bOLaivrA=,ybNMmyBxT8lr+qzXdDSzVJkwhno=
-58,1,6nOaDpqypVDtts4Fk39bOLaivrA=,ybNMmyBxT8lr+qzXdDSzVJkwhno=
-58,2,6nOaDpqypVDtts4Fk39bOLaivrA=,ybNMmyBxT8lr+qzXdDSzVJkwhno=
-57,3,6nOaDpqypVDtts4Fk39bOLaivrA=,ybNMmyBxT8lr+qzXdDSzVJkwhno=
-58,0,6nOaDpqypVDtts4Fk39bOLaivrA=,ybNMmyBxT8lr+qzXdDSzVJkwhno=
-60,3,6nOaDpqypVDtts4Fk39bOLaivrA=,ybNMmyBxT8lr+qzXdDSzVJkwhno=
-61,0,6nOaDpqypVDtts4Fk39bOLaivrA=,ybNMmyBxT8lr+qzXdDSzVJkwhno=
-64,4,6nOaDpqypVDtts4Fk39bOLaivrA=,ybNMmyBxT8lr+qzXdDSzVJkwhno=
-59,3,nJvt9S+1I1RhDTKzUahwLS8g+4E=,ybNMmyBxT8lr+qzXdDSzVJkwhno=
-62,4,nJvt9S+1I1RhDTKzUahwLS8g+4E=,ybNMmyBxT8lr+qzXdDSzVJkwhno=
-59,2,nJvt9S+1I1RhDTKzUahwLS8g+4E=,ybNMmyBxT8lr+qzXdDSzVJkwhno=
-63,4,nJvt9S+1I1RhDTKzUahwLS8g+4E=,ybNMmyBxT8lr+qzXdDSzVJkwhno=
-61,4,nJvt9S+1I1RhDTKzUahwLS8g+4E=,ybNMmyBxT8lr+qzXdDSzVJkwhno=
-60,4,nJvt9S+1I1RhDTKzUahwLS8g+4E=,ybNMmyBxT8lr+qzXdDSzVJkwhno=
-59,0,nJvt9S+1I1RhDTKzUahwLS8g+4E=,ybNMmyBxT8lr+qzXdDSzVJkwhno=
-57,4,nJvt9S+1I1RhDTKzUahwLS8g+4E=,ybNMmyBxT8lr+qzXdDSzVJkwhno=
-57,1,nJvt9S+1I1RhDTKzUahwLS8g+4E=,ybNMmyBxT8lr+qzXdDSzVJkwhno=
-58,3,VKUQQ3nkbBe2y5KXUq5rgjqRock=,ybNMmyBxT8lr+qzXdDSzVJkwhno=
-57,0,VKUQQ3nkbBe2y5KXUq5rgjqRock=,ybNMmyBxT8lr+qzXdDSzVJkwhno=
-57,2,VKUQQ3nkbBe2y5KXUq5rgjqRock=,ybNMmyBxT8lr+qzXdDSzVJkwhno=
-64,5,VKUQQ3nkbBe2y5KXUq5rgjqRock=,ybNMmyBxT8lr+qzXdDSzVJkwhno=
-63,5,VKUQQ3nkbBe2y5KXUq5rgjqRock=,ybNMmyBxT8lr+qzXdDSzVJkwhno=
-61,5,VKUQQ3nkbBe2y5KXUq5rgjqRock=,ybNMmyBxT8lr+qzXdDSzVJkwhno=
-64,0,VKUQQ3nkbBe2y5KXUq5rgjqRock=,ybNMmyBxT8lr+qzXdDSzVJkwhno=
-59,5,VKUQQ3nkbBe2y5KXUq5rgjqRock=,ybNMmyBxT8lr+qzXdDSzVJkwhno=
-57,5,++J76Wk/WTK+We3vajuDlMCOHgQ=,ybNMmyBxT8lr+qzXdDSzVJkwhno=
-64,6,++J76Wk/WTK+We3vajuDlMCOHgQ=,ybNMmyBxT8lr+qzXdDSzVJkwhno=
-58,5,++J76Wk/WTK+We3vajuDlMCOHgQ=,ybNMmyBxT8lr+qzXdDSzVJkwhno=
-61,6,++J76Wk/WTK+We3vajuDlMCOHgQ=,ybNMmyBxT8lr+qzXdDSzVJkwhno=
-60,6,++J76Wk/WTK+We3vajuDlMCOHgQ=,ybNMmyBxT8lr+qzXdDSzVJkwhno=
-59,6,++J76Wk/WTK+We3vajuDlMCOHgQ=,ybNMmyBxT8lr+qzXdDSzVJkwhno=
-63,6,UN9ZV2chskxupWIMdPD5L8EyANU=,ybNMmyBxT8lr+qzXdDSzVJkwhno=
-62,6,UN9ZV2chskxupWIMdPD5L8EyANU=,ybNMmyBxT8lr+qzXdDSzVJkwhno=
-58,6,UN9ZV2chskxupWIMdPD5L8EyANU=,ybNMmyBxT8lr+qzXdDSzVJkwhno=
-57,6,UN9ZV2chskxupWIMdPD5L8EyANU=,ybNMmyBxT8lr+qzXdDSzVJkwhno=
-62,7,UN9ZV2chskxupWIMdPD5L8EyANU=,ybNMmyBxT8lr+qzXdDSzVJkwhno=
-61,7,UN9ZV2chskxupWIMdPD5L8EyANU=,ybNMmyBxT8lr+qzXdDSzVJkwhno=
-58,7,UN9ZV2chskxupWIMdPD5L8EyANU=,ybNMmyBxT8lr+qzXdDSzVJkwhno=
-63,7,UN9ZV2chskxupWIMdPD5L8EyANU=,ybNMmyBxT8lr+qzXdDSzVJkwhno=
-57,7,UN9ZV2chskxupWIMdPD5L8EyANU=,ybNMmyBxT8lr+qzXdDSzVJkwhno=
-52,7,UN9ZV2chskxupWIMdPD5L8EyANU=,ybNMmyBxT8lr+qzXdDSzVJkwhno=
-60,7,f+JWWOEPm0HFeqIhySNvFjO6dxo=,ybNMmyBxT8lr+qzXdDSzVJkwhno=
-59,7,f+JWWOEPm0HFeqIhySNvFjO6dxo=,ybNMmyBxT8lr+qzXdDSzVJkwhno=
-61,8,f+JWWOEPm0HFeqIhySNvFjO6dxo=,ybNMmyBxT8lr+qzXdDSzVJkwhno=
-60,8,f+JWWOEPm0HFeqIhySNvFjO6dxo=,ybNMmyBxT8lr+qzXdDSzVJkwhno=
-58,8,f+JWWOEPm0HFeqIhySNvFjO6dxo=,ybNMmyBxT8lr+qzXdDSzVJkwhno=
-57,8,f+JWWOEPm0HFeqIhySNvFjO6dxo=,ybNMmyBxT8lr+qzXdDSzVJkwhno=
-55,8,f+JWWOEPm0HFeqIhySNvFjO6dxo=,ybNMmyBxT8lr+qzXdDSzVJkwhno=
-59,8,f+JWWOEPm0HFeqIhySNvFjO6dxo=,ybNMmyBxT8lr+qzXdDSzVJkwhno=
-62,8,f+JWWOEPm0HFeqIhySNvFjO6dxo=,ybNMmyBxT8lr+qzXdDSzVJkwhno=
-53,8,tLEWFk+3AsuXwT2nKwyTkPA/uEQ=,ybNMmyBxT8lr+qzXdDSzVJkwhno=
-54,8,tLEWFk+3AsuXwT2nKwyTkPA/uEQ=,ybNMmyBxT8lr+qzXdDSzVJkwhno=
-64,9,tLEWFk+3AsuXwT2nKwyTkPA/uEQ=,ybNMmyBxT8lr+qzXdDSzVJkwhno=
-63,9,tLEWFk+3AsuXwT2nKwyTkPA/uEQ=,ybNMmyBxT8lr+qzXdDSzVJkwhno=
-62,9,tLEWFk+3AsuXwT2nKwyTkPA/uEQ=,ybNMmyBxT8lr+qzXdDSzVJkwhno=
-61,9,EHnfbFqtWpuaWy0s35cWPR+Cisk=,ybNMmyBxT8lr+qzXdDSzVJkwhno=
-51,8,EHnfbFqtWpuaWy0s35cWPR+Cisk=,ybNMmyBxT8lr+qzXdDSzVJkwhno=
-49,8,EHnfbFqtWpuaWy0s35cWPR+Cisk=,ybNMmyBxT8lr+qzXdDSzVJkwhno=
-60,9,EHnfbFqtWpuaWy0s35cWPR+Cisk=,ybNMmyBxT8lr+qzXdDSzVJkwhno=
-58,9,EHnfbFqtWpuaWy0s35cWPR+Cisk=,ybNMmyBxT8lr+qzXdDSzVJkwhno=
-57,9,EHnfbFqtWpuaWy0s35cWPR+Cisk=,ybNMmyBxT8lr+qzXdDSzVJkwhno=
-56,9,EHnfbFqtWpuaWy0s35cWPR+Cisk=,ybNMmyBxT8lr+qzXdDSzVJkwhno=
-55,9,X9Db8+WsNktdHoeb8Dk4yyMFKCI=,ybNMmyBxT8lr+qzXdDSzVJkwhno=
-54,9,X9Db8+WsNktdHoeb8Dk4yyMFKCI=,ybNMmyBxT8lr+qzXdDSzVJkwhno=
-51,9,X9Db8+WsNktdHoeb8Dk4yyMFKCI=,ybNMmyBxT8lr+qzXdDSzVJkwhno=
-52,9,X9Db8+WsNktdHoeb8Dk4yyMFKCI=,ybNMmyBxT8lr+qzXdDSzVJkwhno=
-64,10,X9Db8+WsNktdHoeb8Dk4yyMFKCI=,ybNMmyBxT8lr+qzXdDSzVJkwhno=
-63,10,X9Db8+WsNktdHoeb8Dk4yyMFKCI=,ybNMmyBxT8lr+qzXdDSzVJkwhno=
-62,10,X9Db8+WsNktdHoeb8Dk4yyMFKCI=,ybNMmyBxT8lr+qzXdDSzVJkwhno=
-61,10,X9Db8+WsNktdHoeb8Dk4yyMFKCI=,ybNMmyBxT8lr+qzXdDSzVJkwhno=
-60,10,X9Db8+WsNktdHoeb8Dk4yyMFKCI=,ybNMmyBxT8lr+qzXdDSzVJkwhno=
-59,10,X9Db8+WsNktdHoeb8Dk4yyMFKCI=,ybNMmyBxT8lr+qzXdDSzVJkwhno=
-49,9,X9Db8+WsNktdHoeb8Dk4yyMFKCI=,ybNMmyBxT8lr+qzXdDSzVJkwhno=
-57,10,X9Db8+WsNktdHoeb8Dk4yyMFKCI=,ybNMmyBxT8lr+qzXdDSzVJkwhno=
-50,9,X9Db8+WsNktdHoeb8Dk4yyMFKCI=,ybNMmyBxT8lr+qzXdDSzVJkwhno=
-56,10,wY/rWVP8W3z+godvf+Lhy+Q3HHw=,ybNMmyBxT8lr+qzXdDSzVJkwhno=
-54,10,wY/rWVP8W3z+godvf+Lhy+Q3HHw=,ybNMmyBxT8lr+qzXdDSzVJkwhno=
-53,10,wY/rWVP8W3z+godvf+Lhy+Q3HHw=,ybNMmyBxT8lr+qzXdDSzVJkwhno=
-51,10,wY/rWVP8W3z+godvf+Lhy+Q3HHw=,ybNMmyBxT8lr+qzXdDSzVJkwhno=
-49,10,wY/rWVP8W3z+godvf+Lhy+Q3HHw=,ybNMmyBxT8lr+qzXdDSzVJkwhno=
-64,11,wY/rWVP8W3z+godvf+Lhy+Q3HHw=,ybNMmyBxT8lr+qzXdDSzVJkwhno=
-63,11,wY/rWVP8W3z+godvf+Lhy+Q3HHw=,ybNMmyBxT8lr+qzXdDSzVJkwhno=
-62,11,wY/rWVP8W3z+godvf+Lhy+Q3HHw=,ybNMmyBxT8lr+qzXdDSzVJkwhno=
-55,10,wY/rWVP8W3z+godvf+Lhy+Q3HHw=,ybNMmyBxT8lr+qzXdDSzVJkwhno=
-60,11,nk5own0VLxbcjH/mAWUMzrYnf1k=,ybNMmyBxT8lr+qzXdDSzVJkwhno=
-50,10,nk5own0VLxbcjH/mAWUMzrYnf1k=,ybNMmyBxT8lr+qzXdDSzVJkwhno=
-59,11,nk5own0VLxbcjH/mAWUMzrYnf1k=,ybNMmyBxT8lr+qzXdDSzVJkwhno=
-58,11,nk5own0VLxbcjH/mAWUMzrYnf1k=,ybNMmyBxT8lr+qzXdDSzVJkwhno=
-57,11,nk5own0VLxbcjH/mAWUMzrYnf1k=,ybNMmyBxT8lr+qzXdDSzVJkwhno=
-53,11,nk5own0VLxbcjH/mAWUMzrYnf1k=,ybNMmyBxT8lr+qzXdDSzVJkwhno=
-52,11,nk5own0VLxbcjH/mAWUMzrYnf1k=,ybNMmyBxT8lr+qzXdDSzVJkwhno=
-51,11,nk5own0VLxbcjH/mAWUMzrYnf1k=,ybNMmyBxT8lr+qzXdDSzVJkwhno=
-50,11,nk5own0VLxbcjH/mAWUMzrYnf1k=,ybNMmyBxT8lr+qzXdDSzVJkwhno=
-49,11,nk5own0VLxbcjH/mAWUMzrYnf1k=,ybNMmyBxT8lr+qzXdDSzVJkwhno=
-56,11,nk5own0VLxbcjH/mAWUMzrYnf1k=,ybNMmyBxT8lr+qzXdDSzVJkwhno=
-54,11,nk5own0VLxbcjH/mAWUMzrYnf1k=,ybNMmyBxT8lr+qzXdDSzVJkwhno=
-64,2,7vvTKIV90DUjRClPgiV9kU/omJA=,ybNMmyBxT8lr+qzXdDSzVJkwhno=
-64,3,7vvTKIV90DUjRClPgiV9kU/omJA=,ybNMmyBxT8lr+qzXdDSzVJkwhno=
-64,12,7vvTKIV90DUjRClPgiV9kU/omJA=,ybNMmyBxT8lr+qzXdDSzVJkwhno=
-64,1,7vvTKIV90DUjRClPgiV9kU/omJA=,ybNMmyBxT8lr+qzXdDSzVJkwhno=
-63,12,7vvTKIV90DUjRClPgiV9kU/omJA=,ybNMmyBxT8lr+qzXdDSzVJkwhno=
-62,12,7vvTKIV90DUjRClPgiV9kU/omJA=,ybNMmyBxT8lr+qzXdDSzVJkwhno=
-60,12,7vvTKIV90DUjRClPgiV9kU/omJA=,ybNMmyBxT8lr+qzXdDSzVJkwhno=
-59,12,7vvTKIV90DUjRClPgiV9kU/omJA=,ybNMmyBxT8lr+qzXdDSzVJkwhno=
-58,12,7vvTKIV90DUjRClPgiV9kU/omJA=,ybNMmyBxT8lr+qzXdDSzVJkwhno=
-56,12,7vvTKIV90DUjRClPgiV9kU/omJA=,ybNMmyBxT8lr+qzXdDSzVJkwhno=
-63,1,7vvTKIV90DUjRClPgiV9kU/omJA=,ybNMmyBxT8lr+qzXdDSzVJkwhno=
-54,12,7vvTKIV90DUjRClPgiV9kU/omJA=,ybNMmyBxT8lr+qzXdDSzVJkwhno=
-53,12,7vvTKIV90DUjRClPgiV9kU/omJA=,ybNMmyBxT8lr+qzXdDSzVJkwhno=
-52,12,7vvTKIV90DUjRClPgiV9kU/omJA=,ybNMmyBxT8lr+qzXdDSzVJkwhno=
-51,12,7vvTKIV90DUjRClPgiV9kU/omJA=,ybNMmyBxT8lr+qzXdDSzVJkwhno=
-50,12,7vvTKIV90DUjRClPgiV9kU/omJA=,ybNMmyBxT8lr+qzXdDSzVJkwhno=
-49,12,7vvTKIV90DUjRClPgiV9kU/omJA=,ybNMmyBxT8lr+qzXdDSzVJkwhno=
-64,13,7vvTKIV90DUjRClPgiV9kU/omJA=,ybNMmyBxT8lr+qzXdDSzVJkwhno=
-61,12,NXh9Q+JpdyzwP6lAq5hXK7aulCQ=,ybNMmyBxT8lr+qzXdDSzVJkwhno=
-63,13,NXh9Q+JpdyzwP6lAq5hXK7aulCQ=,ybNMmyBxT8lr+qzXdDSzVJkwhno=
-62,13,NXh9Q+JpdyzwP6lAq5hXK7aulCQ=,ybNMmyBxT8lr+qzXdDSzVJkwhno=
-61,13,NXh9Q+JpdyzwP6lAq5hXK7aulCQ=,ybNMmyBxT8lr+qzXdDSzVJkwhno=
-59,13,NXh9Q+JpdyzwP6lAq5hXK7aulCQ=,ybNMmyBxT8lr+qzXdDSzVJkwhno=
-60,13,NXh9Q+JpdyzwP6lAq5hXK7aulCQ=,ybNMmyBxT8lr+qzXdDSzVJkwhno=
-57,13,NXh9Q+JpdyzwP6lAq5hXK7aulCQ=,ybNMmyBxT8lr+qzXdDSzVJkwhno=
-56,13,NXh9Q+JpdyzwP6lAq5hXK7aulCQ=,ybNMmyBxT8lr+qzXdDSzVJkwhno=
-55,13,NXh9Q+JpdyzwP6lAq5hXK7aulCQ=,ybNMmyBxT8lr+qzXdDSzVJkwhno=
-54,13,NXh9Q+JpdyzwP6lAq5hXK7aulCQ=,ybNMmyBxT8lr+qzXdDSzVJkwhno=
-53,13,NXh9Q+JpdyzwP6lAq5hXK7aulCQ=,ybNMmyBxT8lr+qzXdDSzVJkwhno=
-52,13,NXh9Q+JpdyzwP6lAq5hXK7aulCQ=,ybNMmyBxT8lr+qzXdDSzVJkwhno=
-62,1,NXh9Q+JpdyzwP6lAq5hXK7aulCQ=,ybNMmyBxT8lr+qzXdDSzVJkwhno=
-50,13,NXh9Q+JpdyzwP6lAq5hXK7aulCQ=,ybNMmyBxT8lr+qzXdDSzVJkwhno=
-49,13,NXh9Q+JpdyzwP6lAq5hXK7aulCQ=,ybNMmyBxT8lr+qzXdDSzVJkwhno=
-64,14,NXh9Q+JpdyzwP6lAq5hXK7aulCQ=,ybNMmyBxT8lr+qzXdDSzVJkwhno=
-63,2,NXh9Q+JpdyzwP6lAq5hXK7aulCQ=,ybNMmyBxT8lr+qzXdDSzVJkwhno=
-61,1,NXh9Q+JpdyzwP6lAq5hXK7aulCQ=,ybNMmyBxT8lr+qzXdDSzVJkwhno=
-63,14,NXh9Q+JpdyzwP6lAq5hXK7aulCQ=,ybNMmyBxT8lr+qzXdDSzVJkwhno=
-62,14,NXh9Q+JpdyzwP6lAq5hXK7aulCQ=,ybNMmyBxT8lr+qzXdDSzVJkwhno=
-61,14,NXh9Q+JpdyzwP6lAq5hXK7aulCQ=,ybNMmyBxT8lr+qzXdDSzVJkwhno=
-60,14,NXh9Q+JpdyzwP6lAq5hXK7aulCQ=,ybNMmyBxT8lr+qzXdDSzVJkwhno=
-59,14,NXh9Q+JpdyzwP6lAq5hXK7aulCQ=,ybNMmyBxT8lr+qzXdDSzVJkwhno=
-58,14,NXh9Q+JpdyzwP6lAq5hXK7aulCQ=,ybNMmyBxT8lr+qzXdDSzVJkwhno=
-57,14,NXh9Q+JpdyzwP6lAq5hXK7aulCQ=,ybNMmyBxT8lr+qzXdDSzVJkwhno=
-56,14,NXh9Q+JpdyzwP6lAq5hXK7aulCQ=,ybNMmyBxT8lr+qzXdDSzVJkwhno=
-55,14,NXh9Q+JpdyzwP6lAq5hXK7aulCQ=,ybNMmyBxT8lr+qzXdDSzVJkwhno=
-54,14,NXh9Q+JpdyzwP6lAq5hXK7aulCQ=,ybNMmyBxT8lr+qzXdDSzVJkwhno=
-53,14,NXh9Q+JpdyzwP6lAq5hXK7aulCQ=,ybNMmyBxT8lr+qzXdDSzVJkwhno=
-51,14,NXh9Q+JpdyzwP6lAq5hXK7aulCQ=,ybNMmyBxT8lr+qzXdDSzVJkwhno=
-52,14,NXh9Q+JpdyzwP6lAq5hXK7aulCQ=,ybNMmyBxT8lr+qzXdDSzVJkwhno=
-50,14,NXh9Q+JpdyzwP6lAq5hXK7aulCQ=,ybNMmyBxT8lr+qzXdDSzVJkwhno=
-49,14,NXh9Q+JpdyzwP6lAq5hXK7aulCQ=,ybNMmyBxT8lr+qzXdDSzVJkwhno=
-61,2,NXh9Q+JpdyzwP6lAq5hXK7aulCQ=,ybNMmyBxT8lr+qzXdDSzVJkwhno=
-62,2,NXh9Q+JpdyzwP6lAq5hXK7aulCQ=,ybNMmyBxT8lr+qzXdDSzVJkwhno=
-63,15,NXh9Q+JpdyzwP6lAq5hXK7aulCQ=,ybNMmyBxT8lr+qzXdDSzVJkwhno=
-62,15,NXh9Q+JpdyzwP6lAq5hXK7aulCQ=,ybNMmyBxT8lr+qzXdDSzVJkwhno=
-61,15,NXh9Q+JpdyzwP6lAq5hXK7aulCQ=,ybNMmyBxT8lr+qzXdDSzVJkwhno=
-60,15,NXh9Q+JpdyzwP6lAq5hXK7aulCQ=,ybNMmyBxT8lr+qzXdDSzVJkwhno=
-59,15,NXh9Q+JpdyzwP6lAq5hXK7aulCQ=,ybNMmyBxT8lr+qzXdDSzVJkwhno=
-58,15,NXh9Q+JpdyzwP6lAq5hXK7aulCQ=,ybNMmyBxT8lr+qzXdDSzVJkwhno=
-57,15,NXh9Q+JpdyzwP6lAq5hXK7aulCQ=,ybNMmyBxT8lr+qzXdDSzVJkwhno=
-56,15,GVOG8YRy+XjcLuYoS01ONVDF5rg=,ybNMmyBxT8lr+qzXdDSzVJkwhno=
-55,15,GVOG8YRy+XjcLuYoS01ONVDF5rg=,ybNMmyBxT8lr+qzXdDSzVJkwhno=
-54,15,GVOG8YRy+XjcLuYoS01ONVDF5rg=,ybNMmyBxT8lr+qzXdDSzVJkwhno=
-53,15,GVOG8YRy+XjcLuYoS01ONVDF5rg=,ybNMmyBxT8lr+qzXdDSzVJkwhno=
-52,15,GVOG8YRy+XjcLuYoS01ONVDF5rg=,ybNMmyBxT8lr+qzXdDSzVJkwhno=
-51,15,GVOG8YRy+XjcLuYoS01ONVDF5rg=,ybNMmyBxT8lr+qzXdDSzVJkwhno=
-50,15,GVOG8YRy+XjcLuYoS01ONVDF5rg=,ybNMmyBxT8lr+qzXdDSzVJkwhno=
-63,3,GVOG8YRy+XjcLuYoS01ONVDF5rg=,ybNMmyBxT8lr+qzXdDSzVJkwhno=
-49,15,GVOG8YRy+XjcLuYoS01ONVDF5rg=,ybNMmyBxT8lr+qzXdDSzVJkwhno=
-60,2,GVOG8YRy+XjcLuYoS01ONVDF5rg=,ybNMmyBxT8lr+qzXdDSzVJkwhno=
-59,1,GVOG8YRy+XjcLuYoS01ONVDF5rg=,ybNMmyBxT8lr+qzXdDSzVJkwhno=
-60,1,GVOG8YRy+XjcLuYoS01ONVDF5rg=,ybNMmyBxT8lr+qzXdDSzVJkwhno=
-63,0,GVOG8YRy+XjcLuYoS01ONVDF5rg=,ybNMmyBxT8lr+qzXdDSzVJkwhno=
-61,3,1g8YpZeouAXXdxU8c6JCc2PjjYI=,ybNMmyBxT8lr+qzXdDSzVJkwhno=
-58,4,1g8YpZeouAXXdxU8c6JCc2PjjYI=,ybNMmyBxT8lr+qzXdDSzVJkwhno=
-62,5,VKUQQ3nkbBe2y5KXUq5rgjqRock=,ybNMmyBxT8lr+qzXdDSzVJkwhno=
-60,5,VKUQQ3nkbBe2y5KXUq5rgjqRock=,ybNMmyBxT8lr+qzXdDSzVJkwhno=
-59,4,1g8YpZeouAXXdxU8c6JCc2PjjYI=,ybNMmyBxT8lr+qzXdDSzVJkwhno=
-55,1,UN9ZV2chskxupWIMdPD5L8EyANU=,ybNMmyBxT8lr+qzXdDSzVJkwhno=
-63,8,UN9ZV2chskxupWIMdPD5L8EyANU=,ybNMmyBxT8lr+qzXdDSzVJkwhno=
-64,8,UN9ZV2chskxupWIMdPD5L8EyANU=,ybNMmyBxT8lr+qzXdDSzVJkwhno=
-56,8,tLEWFk+3AsuXwT2nKwyTkPA/uEQ=,ybNMmyBxT8lr+qzXdDSzVJkwhno=
-52,8,tLEWFk+3AsuXwT2nKwyTkPA/uEQ=,ybNMmyBxT8lr+qzXdDSzVJkwhno=
-64,7,1g8YpZeouAXXdxU8c6JCc2PjjYI=,ybNMmyBxT8lr+qzXdDSzVJkwhno=
-50,8,EHnfbFqtWpuaWy0s35cWPR+Cisk=,ybNMmyBxT8lr+qzXdDSzVJkwhno=
-53,9,X9Db8+WsNktdHoeb8Dk4yyMFKCI=,ybNMmyBxT8lr+qzXdDSzVJkwhno=
-58,10,X9Db8+WsNktdHoeb8Dk4yyMFKCI=,ybNMmyBxT8lr+qzXdDSzVJkwhno=
-52,10,wY/rWVP8W3z+godvf+Lhy+Q3HHw=,ybNMmyBxT8lr+qzXdDSzVJkwhno=
-61,11,1g8YpZeouAXXdxU8c6JCc2PjjYI=,ybNMmyBxT8lr+qzXdDSzVJkwhno=
-59,9,1g8YpZeouAXXdxU8c6JCc2PjjYI=,ybNMmyBxT8lr+qzXdDSzVJkwhno=
-55,11,nk5own0VLxbcjH/mAWUMzrYnf1k=,ybNMmyBxT8lr+qzXdDSzVJkwhno=
-57,12,7vvTKIV90DUjRClPgiV9kU/omJA=,ybNMmyBxT8lr+qzXdDSzVJkwhno=
-55,12,7vvTKIV90DUjRClPgiV9kU/omJA=,ybNMmyBxT8lr+qzXdDSzVJkwhno=
-51,13,NXh9Q+JpdyzwP6lAq5hXK7aulCQ=,ybNMmyBxT8lr+qzXdDSzVJkwhno=
-58,13,NXh9Q+JpdyzwP6lAq5hXK7aulCQ=,ybNMmyBxT8lr+qzXdDSzVJkwhno=
-64,15,1g8YpZeouAXXdxU8c6JCc2PjjYI=,ybNMmyBxT8lr+qzXdDSzVJkwhno=
-62,3,GVOG8YRy+XjcLuYoS01ONVDF5rg=,ybNMmyBxT8lr+qzXdDSzVJkwhno=
-60,0,wjkribVUvmooIvaM+kO8cQ59fHg=,ybNMmyBxT8lr+qzXdDSzVJkwhno=
-56,3,1g8YpZeouAXXdxU8c6JCc2PjjYI=,ybNMmyBxT8lr+qzXdDSzVJkwhno=
-62,0,wjkribVUvmooIvaM+kO8cQ59fHg=,ybNMmyBxT8lr+qzXdDSzVJkwhno=
-55,3,wjkribVUvmooIvaM+kO8cQ59fHg=,ybNMmyBxT8lr+qzXdDSzVJkwhno=
-52,3,wjkribVUvmooIvaM+kO8cQ59fHg=,ybNMmyBxT8lr+qzXdDSzVJkwhno=
-49,0,wjkribVUvmooIvaM+kO8cQ59fHg=,ybNMmyBxT8lr+qzXdDSzVJkwhno=
-51,3,wjkribVUvmooIvaM+kO8cQ59fHg=,ybNMmyBxT8lr+qzXdDSzVJkwhno=
-50,3,wjkribVUvmooIvaM+kO8cQ59fHg=,ybNMmyBxT8lr+qzXdDSzVJkwhno=
-49,2,wjkribVUvmooIvaM+kO8cQ59fHg=,ybNMmyBxT8lr+qzXdDSzVJkwhno=
-56,4,sONQRDC/YPsiPZv93RoINOi40Mw=,ybNMmyBxT8lr+qzXdDSzVJkwhno=
-49,3,wjkribVUvmooIvaM+kO8cQ59fHg=,ybNMmyBxT8lr+qzXdDSzVJkwhno=
-53,4,sONQRDC/YPsiPZv93RoINOi40Mw=,ybNMmyBxT8lr+qzXdDSzVJkwhno=
-54,4,sONQRDC/YPsiPZv93RoINOi40Mw=,ybNMmyBxT8lr+qzXdDSzVJkwhno=
-50,0,sONQRDC/YPsiPZv93RoINOi40Mw=,ybNMmyBxT8lr+qzXdDSzVJkwhno=
-55,4,sONQRDC/YPsiPZv93RoINOi40Mw=,ybNMmyBxT8lr+qzXdDSzVJkwhno=
-49,1,sONQRDC/YPsiPZv93RoINOi40Mw=,ybNMmyBxT8lr+qzXdDSzVJkwhno=
-51,4,sONQRDC/YPsiPZv93RoINOi40Mw=,ybNMmyBxT8lr+qzXdDSzVJkwhno=
-52,4,sONQRDC/YPsiPZv93RoINOi40Mw=,ybNMmyBxT8lr+qzXdDSzVJkwhno=
-50,1,sONQRDC/YPsiPZv93RoINOi40Mw=,ybNMmyBxT8lr+qzXdDSzVJkwhno=
-49,4,28vnQgKRN/PfyHn8uLxuSVsVXGc=,ybNMmyBxT8lr+qzXdDSzVJkwhno=
-50,2,28vnQgKRN/PfyHn8uLxuSVsVXGc=,ybNMmyBxT8lr+qzXdDSzVJkwhno=
-56,2,28vnQgKRN/PfyHn8uLxuSVsVXGc=,ybNMmyBxT8lr+qzXdDSzVJkwhno=
-50,4,28vnQgKRN/PfyHn8uLxuSVsVXGc=,ybNMmyBxT8lr+qzXdDSzVJkwhno=
-51,0,28vnQgKRN/PfyHn8uLxuSVsVXGc=,ybNMmyBxT8lr+qzXdDSzVJkwhno=
-51,1,28vnQgKRN/PfyHn8uLxuSVsVXGc=,ybNMmyBxT8lr+qzXdDSzVJkwhno=
-56,5,lMikULIcWTHM9ZRkOhmqiYx3yzg=,ybNMmyBxT8lr+qzXdDSzVJkwhno=
-54,5,28vnQgKRN/PfyHn8uLxuSVsVXGc=,ybNMmyBxT8lr+qzXdDSzVJkwhno=
-51,2,lMikULIcWTHM9ZRkOhmqiYx3yzg=,ybNMmyBxT8lr+qzXdDSzVJkwhno=
-55,5,lMikULIcWTHM9ZRkOhmqiYx3yzg=,ybNMmyBxT8lr+qzXdDSzVJkwhno=
-52,2,lMikULIcWTHM9ZRkOhmqiYx3yzg=,ybNMmyBxT8lr+qzXdDSzVJkwhno=
-53,0,lMikULIcWTHM9ZRkOhmqiYx3yzg=,ybNMmyBxT8lr+qzXdDSzVJkwhno=
-53,1,lMikULIcWTHM9ZRkOhmqiYx3yzg=,ybNMmyBxT8lr+qzXdDSzVJkwhno=
-53,2,lMikULIcWTHM9ZRkOhmqiYx3yzg=,ybNMmyBxT8lr+qzXdDSzVJkwhno=
-52,1,lMikULIcWTHM9ZRkOhmqiYx3yzg=,ybNMmyBxT8lr+qzXdDSzVJkwhno=
-52,0,lMikULIcWTHM9ZRkOhmqiYx3yzg=,ybNMmyBxT8lr+qzXdDSzVJkwhno=
-54,1,lMikULIcWTHM9ZRkOhmqiYx3yzg=,ybNMmyBxT8lr+qzXdDSzVJkwhno=
-54,0,LGKriNvwqojzVwymbo/QAf10/2M=,ybNMmyBxT8lr+qzXdDSzVJkwhno=
-51,7,LGKriNvwqojzVwymbo/QAf10/2M=,ybNMmyBxT8lr+qzXdDSzVJkwhno=
-49,7,LGKriNvwqojzVwymbo/QAf10/2M=,ybNMmyBxT8lr+qzXdDSzVJkwhno=
-55,7,LGKriNvwqojzVwymbo/QAf10/2M=,ybNMmyBxT8lr+qzXdDSzVJkwhno=
-55,0,LGKriNvwqojzVwymbo/QAf10/2M=,ybNMmyBxT8lr+qzXdDSzVJkwhno=
-56,7,LGKriNvwqojzVwymbo/QAf10/2M=,ybNMmyBxT8lr+qzXdDSzVJkwhno=
-54,7,mEsGH8Rj6etP2VIYKC8aw/ULji0=,ybNMmyBxT8lr+qzXdDSzVJkwhno=
-54,2,mEsGH8Rj6etP2VIYKC8aw/ULji0=,ybNMmyBxT8lr+qzXdDSzVJkwhno=
-50,6,mEsGH8Rj6etP2VIYKC8aw/ULji0=,ybNMmyBxT8lr+qzXdDSzVJkwhno=
-49,6,mEsGH8Rj6etP2VIYKC8aw/ULji0=,ybNMmyBxT8lr+qzXdDSzVJkwhno=
-51,6,mEsGH8Rj6etP2VIYKC8aw/ULji0=,ybNMmyBxT8lr+qzXdDSzVJkwhno=
-54,6,mEsGH8Rj6etP2VIYKC8aw/ULji0=,ybNMmyBxT8lr+qzXdDSzVJkwhno=
-52,6,mEsGH8Rj6etP2VIYKC8aw/ULji0=,ybNMmyBxT8lr+qzXdDSzVJkwhno=
-53,6,T7EoF0TOLDOzMFRY9ygry7PrAc0=,ybNMmyBxT8lr+qzXdDSzVJkwhno=
-56,0,T7EoF0TOLDOzMFRY9ygry7PrAc0=,ybNMmyBxT8lr+qzXdDSzVJkwhno=
-56,1,T7EoF0TOLDOzMFRY9ygry7PrAc0=,ybNMmyBxT8lr+qzXdDSzVJkwhno=
-55,2,T7EoF0TOLDOzMFRY9ygry7PrAc0=,ybNMmyBxT8lr+qzXdDSzVJkwhno=
-49,5,T7EoF0TOLDOzMFRY9ygry7PrAc0=,ybNMmyBxT8lr+qzXdDSzVJkwhno=
-51,5,sc/6Q2hzaneu5pY9G3F16rU3m1I=,ybNMmyBxT8lr+qzXdDSzVJkwhno=
-50,5,sc/6Q2hzaneu5pY9G3F16rU3m1I=,ybNMmyBxT8lr+qzXdDSzVJkwhno=
-50,7,LGKriNvwqojzVwymbo/QAf10/2M=,ybNMmyBxT8lr+qzXdDSzVJkwhno=
-52,5,sc/6Q2hzaneu5pY9G3F16rU3m1I=,ybNMmyBxT8lr+qzXdDSzVJkwhno=
-55,6,sc/6Q2hzaneu5pY9G3F16rU3m1I=,ybNMmyBxT8lr+qzXdDSzVJkwhno=
-53,5,sc/6Q2hzaneu5pY9G3F16rU3m1I=,ybNMmyBxT8lr+qzXdDSzVJkwhno=
-56,6,sc/6Q2hzaneu5pY9G3F16rU3m1I=,ybNMmyBxT8lr+qzXdDSzVJkwhno=
-53,7,sc/6Q2hzaneu5pY9G3F16rU3m1I=,ybNMmyBxT8lr+qzXdDSzVJkwhno=
-57,19,yeCcTeVNjI3MI41LO/7riM7ZXhs=,MG/DQ4/gcC+gdZfRlZ/EV9QJGSE=
-56,19,yeCcTeVNjI3MI41LO/7riM7ZXhs=,MG/DQ4/gcC+gdZfRlZ/EV9QJGSE=
-58,16,yeCcTeVNjI3MI41LO/7riM7ZXhs=,MG/DQ4/gcC+gdZfRlZ/EV9QJGSE=
-57,16,yeCcTeVNjI3MI41LO/7riM7ZXhs=,MG/DQ4/gcC+gdZfRlZ/EV9QJGSE=
-56,16,yeCcTeVNjI3MI41LO/7riM7ZXhs=,MG/DQ4/gcC+gdZfRlZ/EV9QJGSE=
-55,16,yeCcTeVNjI3MI41LO/7riM7ZXhs=,MG/DQ4/gcC+gdZfRlZ/EV9QJGSE=
-55,19,yeCcTeVNjI3MI41LO/7riM7ZXhs=,MG/DQ4/gcC+gdZfRlZ/EV9QJGSE=
-54,19,yeCcTeVNjI3MI41LO/7riM7ZXhs=,MG/DQ4/gcC+gdZfRlZ/EV9QJGSE=
-53,19,yeCcTeVNjI3MI41LO/7riM7ZXhs=,MG/DQ4/gcC+gdZfRlZ/EV9QJGSE=
-52,19,yeCcTeVNjI3MI41LO/7riM7ZXhs=,MG/DQ4/gcC+gdZfRlZ/EV9QJGSE=
-51,19,yeCcTeVNjI3MI41LO/7riM7ZXhs=,MG/DQ4/gcC+gdZfRlZ/EV9QJGSE=
-54,16,yeCcTeVNjI3MI41LO/7riM7ZXhs=,MG/DQ4/gcC+gdZfRlZ/EV9QJGSE=
-50,19,yeCcTeVNjI3MI41LO/7riM7ZXhs=,MG/DQ4/gcC+gdZfRlZ/EV9QJGSE=
-53,16,yeCcTeVNjI3MI41LO/7riM7ZXhs=,MG/DQ4/gcC+gdZfRlZ/EV9QJGSE=
-52,16,yeCcTeVNjI3MI41LO/7riM7ZXhs=,MG/DQ4/gcC+gdZfRlZ/EV9QJGSE=
-51,16,yeCcTeVNjI3MI41LO/7riM7ZXhs=,MG/DQ4/gcC+gdZfRlZ/EV9QJGSE=
-50,16,yeCcTeVNjI3MI41LO/7riM7ZXhs=,MG/DQ4/gcC+gdZfRlZ/EV9QJGSE=
-58,17,yeCcTeVNjI3MI41LO/7riM7ZXhs=,MG/DQ4/gcC+gdZfRlZ/EV9QJGSE=
-57,18,yeCcTeVNjI3MI41LO/7riM7ZXhs=,MG/DQ4/gcC+gdZfRlZ/EV9QJGSE=
-59,20,yeCcTeVNjI3MI41LO/7riM7ZXhs=,MG/DQ4/gcC+gdZfRlZ/EV9QJGSE=
-58,20,yeCcTeVNjI3MI41LO/7riM7ZXhs=,MG/DQ4/gcC+gdZfRlZ/EV9QJGSE=
-57,20,yeCcTeVNjI3MI41LO/7riM7ZXhs=,MG/DQ4/gcC+gdZfRlZ/EV9QJGSE=
-62,16,yeCcTeVNjI3MI41LO/7riM7ZXhs=,MG/DQ4/gcC+gdZfRlZ/EV9QJGSE=
-49,20,yeCcTeVNjI3MI41LO/7riM7ZXhs=,MG/DQ4/gcC+gdZfRlZ/EV9QJGSE=
-49,21,yeCcTeVNjI3MI41LO/7riM7ZXhs=,MG/DQ4/gcC+gdZfRlZ/EV9QJGSE=
-49,24,yeCcTeVNjI3MI41LO/7riM7ZXhs=,MG/DQ4/gcC+gdZfRlZ/EV9QJGSE=
-49,25,yeCcTeVNjI3MI41LO/7riM7ZXhs=,MG/DQ4/gcC+gdZfRlZ/EV9QJGSE=
-56,20,yeCcTeVNjI3MI41LO/7riM7ZXhs=,MG/DQ4/gcC+gdZfRlZ/EV9QJGSE=
-55,20,yeCcTeVNjI3MI41LO/7riM7ZXhs=,MG/DQ4/gcC+gdZfRlZ/EV9QJGSE=
-54,20,yeCcTeVNjI3MI41LO/7riM7ZXhs=,MG/DQ4/gcC+gdZfRlZ/EV9QJGSE=
-57,17,yeCcTeVNjI3MI41LO/7riM7ZXhs=,MG/DQ4/gcC+gdZfRlZ/EV9QJGSE=
-56,18,yeCcTeVNjI3MI41LO/7riM7ZXhs=,MG/DQ4/gcC+gdZfRlZ/EV9QJGSE=
-60,16,sgeSdKgZ+u7aeveKrHfuoaZzKBE=,MG/DQ4/gcC+gdZfRlZ/EV9QJGSE=
-49,26,sgeSdKgZ+u7aeveKrHfuoaZzKBE=,MG/DQ4/gcC+gdZfRlZ/EV9QJGSE=
-63,16,sgeSdKgZ+u7aeveKrHfuoaZzKBE=,MG/DQ4/gcC+gdZfRlZ/EV9QJGSE=
-49,27,sgeSdKgZ+u7aeveKrHfuoaZzKBE=,MG/DQ4/gcC+gdZfRlZ/EV9QJGSE=
-49,17,sgeSdKgZ+u7aeveKrHfuoaZzKBE=,MG/DQ4/gcC+gdZfRlZ/EV9QJGSE=
-61,16,sgeSdKgZ+u7aeveKrHfuoaZzKBE=,MG/DQ4/gcC+gdZfRlZ/EV9QJGSE=
-49,28,sgeSdKgZ+u7aeveKrHfuoaZzKBE=,MG/DQ4/gcC+gdZfRlZ/EV9QJGSE=
-59,16,sgeSdKgZ+u7aeveKrHfuoaZzKBE=,MG/DQ4/gcC+gdZfRlZ/EV9QJGSE=
-62,21,sgeSdKgZ+u7aeveKrHfuoaZzKBE=,MG/DQ4/gcC+gdZfRlZ/EV9QJGSE=
-49,29,sgeSdKgZ+u7aeveKrHfuoaZzKBE=,MG/DQ4/gcC+gdZfRlZ/EV9QJGSE=
-53,21,sgeSdKgZ+u7aeveKrHfuoaZzKBE=,MG/DQ4/gcC+gdZfRlZ/EV9QJGSE=
-59,21,sgeSdKgZ+u7aeveKrHfuoaZzKBE=,MG/DQ4/gcC+gdZfRlZ/EV9QJGSE=
-56,17,sgeSdKgZ+u7aeveKrHfuoaZzKBE=,MG/DQ4/gcC+gdZfRlZ/EV9QJGSE=
-49,30,sgeSdKgZ+u7aeveKrHfuoaZzKBE=,MG/DQ4/gcC+gdZfRlZ/EV9QJGSE=
-49,31,sgeSdKgZ+u7aeveKrHfuoaZzKBE=,MG/DQ4/gcC+gdZfRlZ/EV9QJGSE=
-59,22,sgeSdKgZ+u7aeveKrHfuoaZzKBE=,MG/DQ4/gcC+gdZfRlZ/EV9QJGSE=
-53,22,sgeSdKgZ+u7aeveKrHfuoaZzKBE=,MG/DQ4/gcC+gdZfRlZ/EV9QJGSE=
-51,22,sgeSdKgZ+u7aeveKrHfuoaZzKBE=,MG/DQ4/gcC+gdZfRlZ/EV9QJGSE=
-50,22,sgeSdKgZ+u7aeveKrHfuoaZzKBE=,MG/DQ4/gcC+gdZfRlZ/EV9QJGSE=
-55,18,sgeSdKgZ+u7aeveKrHfuoaZzKBE=,MG/DQ4/gcC+gdZfRlZ/EV9QJGSE=
-55,17,sgeSdKgZ+u7aeveKrHfuoaZzKBE=,MG/DQ4/gcC+gdZfRlZ/EV9QJGSE=
-54,18,sgeSdKgZ+u7aeveKrHfuoaZzKBE=,MG/DQ4/gcC+gdZfRlZ/EV9QJGSE=
-58,23,sgeSdKgZ+u7aeveKrHfuoaZzKBE=,MG/DQ4/gcC+gdZfRlZ/EV9QJGSE=
-57,23,sgeSdKgZ+u7aeveKrHfuoaZzKBE=,MG/DQ4/gcC+gdZfRlZ/EV9QJGSE=
-54,23,sgeSdKgZ+u7aeveKrHfuoaZzKBE=,MG/DQ4/gcC+gdZfRlZ/EV9QJGSE=
-55,23,sgeSdKgZ+u7aeveKrHfuoaZzKBE=,MG/DQ4/gcC+gdZfRlZ/EV9QJGSE=
-55,24,sgeSdKgZ+u7aeveKrHfuoaZzKBE=,MG/DQ4/gcC+gdZfRlZ/EV9QJGSE=
-63,24,sgeSdKgZ+u7aeveKrHfuoaZzKBE=,MG/DQ4/gcC+gdZfRlZ/EV9QJGSE=
-54,24,sgeSdKgZ+u7aeveKrHfuoaZzKBE=,MG/DQ4/gcC+gdZfRlZ/EV9QJGSE=
-53,18,sgeSdKgZ+u7aeveKrHfuoaZzKBE=,MG/DQ4/gcC+gdZfRlZ/EV9QJGSE=
-53,24,sgeSdKgZ+u7aeveKrHfuoaZzKBE=,MG/DQ4/gcC+gdZfRlZ/EV9QJGSE=
-54,17,sgeSdKgZ+u7aeveKrHfuoaZzKBE=,MG/DQ4/gcC+gdZfRlZ/EV9QJGSE=
-52,24,sgeSdKgZ+u7aeveKrHfuoaZzKBE=,MG/DQ4/gcC+gdZfRlZ/EV9QJGSE=
-50,23,sgeSdKgZ+u7aeveKrHfuoaZzKBE=,MG/DQ4/gcC+gdZfRlZ/EV9QJGSE=
-51,24,sgeSdKgZ+u7aeveKrHfuoaZzKBE=,MG/DQ4/gcC+gdZfRlZ/EV9QJGSE=
-51,23,sgeSdKgZ+u7aeveKrHfuoaZzKBE=,MG/DQ4/gcC+gdZfRlZ/EV9QJGSE=
-52,23,sgeSdKgZ+u7aeveKrHfuoaZzKBE=,MG/DQ4/gcC+gdZfRlZ/EV9QJGSE=
-53,23,sgeSdKgZ+u7aeveKrHfuoaZzKBE=,MG/DQ4/gcC+gdZfRlZ/EV9QJGSE=
-50,24,sgeSdKgZ+u7aeveKrHfuoaZzKBE=,MG/DQ4/gcC+gdZfRlZ/EV9QJGSE=
-52,18,sgeSdKgZ+u7aeveKrHfuoaZzKBE=,MG/DQ4/gcC+gdZfRlZ/EV9QJGSE=
-55,25,sgeSdKgZ+u7aeveKrHfuoaZzKBE=,MG/DQ4/gcC+gdZfRlZ/EV9QJGSE=
-63,25,sgeSdKgZ+u7aeveKrHfuoaZzKBE=,MG/DQ4/gcC+gdZfRlZ/EV9QJGSE=
-54,25,sgeSdKgZ+u7aeveKrHfuoaZzKBE=,MG/DQ4/gcC+gdZfRlZ/EV9QJGSE=
-51,25,sgeSdKgZ+u7aeveKrHfuoaZzKBE=,MG/DQ4/gcC+gdZfRlZ/EV9QJGSE=
-53,25,sgeSdKgZ+u7aeveKrHfuoaZzKBE=,MG/DQ4/gcC+gdZfRlZ/EV9QJGSE=
-53,17,sgeSdKgZ+u7aeveKrHfuoaZzKBE=,MG/DQ4/gcC+gdZfRlZ/EV9QJGSE=
-51,18,sgeSdKgZ+u7aeveKrHfuoaZzKBE=,MG/DQ4/gcC+gdZfRlZ/EV9QJGSE=
-52,25,sgeSdKgZ+u7aeveKrHfuoaZzKBE=,MG/DQ4/gcC+gdZfRlZ/EV9QJGSE=
-62,26,sgeSdKgZ+u7aeveKrHfuoaZzKBE=,MG/DQ4/gcC+gdZfRlZ/EV9QJGSE=
-59,26,sgeSdKgZ+u7aeveKrHfuoaZzKBE=,MG/DQ4/gcC+gdZfRlZ/EV9QJGSE=
-63,26,sgeSdKgZ+u7aeveKrHfuoaZzKBE=,MG/DQ4/gcC+gdZfRlZ/EV9QJGSE=
-57,26,sgeSdKgZ+u7aeveKrHfuoaZzKBE=,MG/DQ4/gcC+gdZfRlZ/EV9QJGSE=
-56,26,sgeSdKgZ+u7aeveKrHfuoaZzKBE=,MG/DQ4/gcC+gdZfRlZ/EV9QJGSE=
-58,26,sgeSdKgZ+u7aeveKrHfuoaZzKBE=,MG/DQ4/gcC+gdZfRlZ/EV9QJGSE=
-54,26,sgeSdKgZ+u7aeveKrHfuoaZzKBE=,MG/DQ4/gcC+gdZfRlZ/EV9QJGSE=
-55,26,sgeSdKgZ+u7aeveKrHfuoaZzKBE=,MG/DQ4/gcC+gdZfRlZ/EV9QJGSE=
-53,26,sgeSdKgZ+u7aeveKrHfuoaZzKBE=,MG/DQ4/gcC+gdZfRlZ/EV9QJGSE=
-52,26,sgeSdKgZ+u7aeveKrHfuoaZzKBE=,MG/DQ4/gcC+gdZfRlZ/EV9QJGSE=
-51,26,sgeSdKgZ+u7aeveKrHfuoaZzKBE=,MG/DQ4/gcC+gdZfRlZ/EV9QJGSE=
-50,26,sgeSdKgZ+u7aeveKrHfuoaZzKBE=,MG/DQ4/gcC+gdZfRlZ/EV9QJGSE=
-51,17,sgeSdKgZ+u7aeveKrHfuoaZzKBE=,MG/DQ4/gcC+gdZfRlZ/EV9QJGSE=
-63,27,sgeSdKgZ+u7aeveKrHfuoaZzKBE=,MG/DQ4/gcC+gdZfRlZ/EV9QJGSE=
-50,18,sgeSdKgZ+u7aeveKrHfuoaZzKBE=,MG/DQ4/gcC+gdZfRlZ/EV9QJGSE=
-61,27,sgeSdKgZ+u7aeveKrHfuoaZzKBE=,MG/DQ4/gcC+gdZfRlZ/EV9QJGSE=
-60,27,sgeSdKgZ+u7aeveKrHfuoaZzKBE=,MG/DQ4/gcC+gdZfRlZ/EV9QJGSE=
-62,27,sgeSdKgZ+u7aeveKrHfuoaZzKBE=,MG/DQ4/gcC+gdZfRlZ/EV9QJGSE=
-59,27,sgeSdKgZ+u7aeveKrHfuoaZzKBE=,MG/DQ4/gcC+gdZfRlZ/EV9QJGSE=
-58,27,sgeSdKgZ+u7aeveKrHfuoaZzKBE=,MG/DQ4/gcC+gdZfRlZ/EV9QJGSE=
-56,27,sgeSdKgZ+u7aeveKrHfuoaZzKBE=,MG/DQ4/gcC+gdZfRlZ/EV9QJGSE=
-55,27,sgeSdKgZ+u7aeveKrHfuoaZzKBE=,MG/DQ4/gcC+gdZfRlZ/EV9QJGSE=
-54,27,sgeSdKgZ+u7aeveKrHfuoaZzKBE=,MG/DQ4/gcC+gdZfRlZ/EV9QJGSE=
-57,27,sgeSdKgZ+u7aeveKrHfuoaZzKBE=,MG/DQ4/gcC+gdZfRlZ/EV9QJGSE=
-52,27,sgeSdKgZ+u7aeveKrHfuoaZzKBE=,MG/DQ4/gcC+gdZfRlZ/EV9QJGSE=
-51,27,sgeSdKgZ+u7aeveKrHfuoaZzKBE=,MG/DQ4/gcC+gdZfRlZ/EV9QJGSE=
-50,27,sgeSdKgZ+u7aeveKrHfuoaZzKBE=,MG/DQ4/gcC+gdZfRlZ/EV9QJGSE=
-50,17,sgeSdKgZ+u7aeveKrHfuoaZzKBE=,MG/DQ4/gcC+gdZfRlZ/EV9QJGSE=
-63,17,sgeSdKgZ+u7aeveKrHfuoaZzKBE=,MG/DQ4/gcC+gdZfRlZ/EV9QJGSE=
-62,28,sgeSdKgZ+u7aeveKrHfuoaZzKBE=,MG/DQ4/gcC+gdZfRlZ/EV9QJGSE=
-53,27,sgeSdKgZ+u7aeveKrHfuoaZzKBE=,MG/DQ4/gcC+gdZfRlZ/EV9QJGSE=
-50,25,sgeSdKgZ+u7aeveKrHfuoaZzKBE=,MG/DQ4/gcC+gdZfRlZ/EV9QJGSE=
-52,17,sgeSdKgZ+u7aeveKrHfuoaZzKBE=,MG/DQ4/gcC+gdZfRlZ/EV9QJGSE=
-63,28,sgeSdKgZ+u7aeveKrHfuoaZzKBE=,MG/DQ4/gcC+gdZfRlZ/EV9QJGSE=
-61,28,sgeSdKgZ+u7aeveKrHfuoaZzKBE=,MG/DQ4/gcC+gdZfRlZ/EV9QJGSE=
-64,24,sgeSdKgZ+u7aeveKrHfuoaZzKBE=,MG/DQ4/gcC+gdZfRlZ/EV9QJGSE=
-64,25,sgeSdKgZ+u7aeveKrHfuoaZzKBE=,MG/DQ4/gcC+gdZfRlZ/EV9QJGSE=
-64,26,sgeSdKgZ+u7aeveKrHfuoaZzKBE=,MG/DQ4/gcC+gdZfRlZ/EV9QJGSE=
-64,27,ApbLMtMwATVO5gH43WrJLIoSONY=,MG/DQ4/gcC+gdZfRlZ/EV9QJGSE=
-60,28,ApbLMtMwATVO5gH43WrJLIoSONY=,MG/DQ4/gcC+gdZfRlZ/EV9QJGSE=
-59,28,ApbLMtMwATVO5gH43WrJLIoSONY=,MG/DQ4/gcC+gdZfRlZ/EV9QJGSE=
-64,18,ApbLMtMwATVO5gH43WrJLIoSONY=,MG/DQ4/gcC+gdZfRlZ/EV9QJGSE=
-64,19,ApbLMtMwATVO5gH43WrJLIoSONY=,MG/DQ4/gcC+gdZfRlZ/EV9QJGSE=
-64,16,ApbLMtMwATVO5gH43WrJLIoSONY=,MG/DQ4/gcC+gdZfRlZ/EV9QJGSE=
-64,17,ApbLMtMwATVO5gH43WrJLIoSONY=,MG/DQ4/gcC+gdZfRlZ/EV9QJGSE=
-64,28,ApbLMtMwATVO5gH43WrJLIoSONY=,MG/DQ4/gcC+gdZfRlZ/EV9QJGSE=
-64,29,ApbLMtMwATVO5gH43WrJLIoSONY=,MG/DQ4/gcC+gdZfRlZ/EV9QJGSE=
-64,30,ApbLMtMwATVO5gH43WrJLIoSONY=,MG/DQ4/gcC+gdZfRlZ/EV9QJGSE=
-64,31,ApbLMtMwATVO5gH43WrJLIoSONY=,MG/DQ4/gcC+gdZfRlZ/EV9QJGSE=
-56,24,ApbLMtMwATVO5gH43WrJLIoSONY=,MG/DQ4/gcC+gdZfRlZ/EV9QJGSE=
-64,23,ApbLMtMwATVO5gH43WrJLIoSONY=,MG/DQ4/gcC+gdZfRlZ/EV9QJGSE=
-56,25,ApbLMtMwATVO5gH43WrJLIoSONY=,MG/DQ4/gcC+gdZfRlZ/EV9QJGSE=
-58,19,ApbLMtMwATVO5gH43WrJLIoSONY=,MG/DQ4/gcC+gdZfRlZ/EV9QJGSE=
-58,18,ApbLMtMwATVO5gH43WrJLIoSONY=,MG/DQ4/gcC+gdZfRlZ/EV9QJGSE=
-59,18,ApbLMtMwATVO5gH43WrJLIoSONY=,MG/DQ4/gcC+gdZfRlZ/EV9QJGSE=
-59,19,ApbLMtMwATVO5gH43WrJLIoSONY=,MG/DQ4/gcC+gdZfRlZ/EV9QJGSE=
-60,19,ApbLMtMwATVO5gH43WrJLIoSONY=,MG/DQ4/gcC+gdZfRlZ/EV9QJGSE=
-61,19,ApbLMtMwATVO5gH43WrJLIoSONY=,MG/DQ4/gcC+gdZfRlZ/EV9QJGSE=
-59,17,ApbLMtMwATVO5gH43WrJLIoSONY=,MG/DQ4/gcC+gdZfRlZ/EV9QJGSE=
-60,17,ApbLMtMwATVO5gH43WrJLIoSONY=,MG/DQ4/gcC+gdZfRlZ/EV9QJGSE=
-62,19,ApbLMtMwATVO5gH43WrJLIoSONY=,MG/DQ4/gcC+gdZfRlZ/EV9QJGSE=
-64,22,LSXIQgk18QqpBNAMTOKoJRsxNwk=,MG/DQ4/gcC+gdZfRlZ/EV9QJGSE=
-63,20,LSXIQgk18QqpBNAMTOKoJRsxNwk=,MG/DQ4/gcC+gdZfRlZ/EV9QJGSE=
-60,18,ApbLMtMwATVO5gH43WrJLIoSONY=,MG/DQ4/gcC+gdZfRlZ/EV9QJGSE=
-50,31,mv0lPixGaxan2DaiCwNQPA3qaYU=,MG/DQ4/gcC+gdZfRlZ/EV9QJGSE=
-51,31,mv0lPixGaxan2DaiCwNQPA3qaYU=,MG/DQ4/gcC+gdZfRlZ/EV9QJGSE=
-52,31,mv0lPixGaxan2DaiCwNQPA3qaYU=,MG/DQ4/gcC+gdZfRlZ/EV9QJGSE=
-53,31,mv0lPixGaxan2DaiCwNQPA3qaYU=,MG/DQ4/gcC+gdZfRlZ/EV9QJGSE=
-54,31,mv0lPixGaxan2DaiCwNQPA3qaYU=,MG/DQ4/gcC+gdZfRlZ/EV9QJGSE=
-56,31,mv0lPixGaxan2DaiCwNQPA3qaYU=,MG/DQ4/gcC+gdZfRlZ/EV9QJGSE=
-57,31,mv0lPixGaxan2DaiCwNQPA3qaYU=,MG/DQ4/gcC+gdZfRlZ/EV9QJGSE=
-58,31,mv0lPixGaxan2DaiCwNQPA3qaYU=,MG/DQ4/gcC+gdZfRlZ/EV9QJGSE=
-59,31,mv0lPixGaxan2DaiCwNQPA3qaYU=,MG/DQ4/gcC+gdZfRlZ/EV9QJGSE=
-60,31,mv0lPixGaxan2DaiCwNQPA3qaYU=,MG/DQ4/gcC+gdZfRlZ/EV9QJGSE=
-61,31,mv0lPixGaxan2DaiCwNQPA3qaYU=,MG/DQ4/gcC+gdZfRlZ/EV9QJGSE=
-62,31,mv0lPixGaxan2DaiCwNQPA3qaYU=,MG/DQ4/gcC+gdZfRlZ/EV9QJGSE=
-63,19,mv0lPixGaxan2DaiCwNQPA3qaYU=,MG/DQ4/gcC+gdZfRlZ/EV9QJGSE=
-61,18,mv0lPixGaxan2DaiCwNQPA3qaYU=,MG/DQ4/gcC+gdZfRlZ/EV9QJGSE=
-55,31,mv0lPixGaxan2DaiCwNQPA3qaYU=,MG/DQ4/gcC+gdZfRlZ/EV9QJGSE=
-51,30,mv0lPixGaxan2DaiCwNQPA3qaYU=,MG/DQ4/gcC+gdZfRlZ/EV9QJGSE=
-52,30,mv0lPixGaxan2DaiCwNQPA3qaYU=,MG/DQ4/gcC+gdZfRlZ/EV9QJGSE=
-53,30,EbC+zdPKJPSaYqLWJhB/smJo0ao=,MG/DQ4/gcC+gdZfRlZ/EV9QJGSE=
-54,30,EbC+zdPKJPSaYqLWJhB/smJo0ao=,MG/DQ4/gcC+gdZfRlZ/EV9QJGSE=
-55,30,EbC+zdPKJPSaYqLWJhB/smJo0ao=,MG/DQ4/gcC+gdZfRlZ/EV9QJGSE=
-56,30,EbC+zdPKJPSaYqLWJhB/smJo0ao=,MG/DQ4/gcC+gdZfRlZ/EV9QJGSE=
-57,30,EbC+zdPKJPSaYqLWJhB/smJo0ao=,MG/DQ4/gcC+gdZfRlZ/EV9QJGSE=
-58,30,EbC+zdPKJPSaYqLWJhB/smJo0ao=,MG/DQ4/gcC+gdZfRlZ/EV9QJGSE=
-64,21,EbC+zdPKJPSaYqLWJhB/smJo0ao=,MG/DQ4/gcC+gdZfRlZ/EV9QJGSE=
-60,30,EbC+zdPKJPSaYqLWJhB/smJo0ao=,MG/DQ4/gcC+gdZfRlZ/EV9QJGSE=
-61,30,EbC+zdPKJPSaYqLWJhB/smJo0ao=,MG/DQ4/gcC+gdZfRlZ/EV9QJGSE=
-62,30,EbC+zdPKJPSaYqLWJhB/smJo0ao=,MG/DQ4/gcC+gdZfRlZ/EV9QJGSE=
-63,30,EbC+zdPKJPSaYqLWJhB/smJo0ao=,MG/DQ4/gcC+gdZfRlZ/EV9QJGSE=
-59,30,EbC+zdPKJPSaYqLWJhB/smJo0ao=,MG/DQ4/gcC+gdZfRlZ/EV9QJGSE=
-62,18,EbC+zdPKJPSaYqLWJhB/smJo0ao=,MG/DQ4/gcC+gdZfRlZ/EV9QJGSE=
-50,29,8rBOyXZhagKsHP6ekw7X+5hCeG8=,MG/DQ4/gcC+gdZfRlZ/EV9QJGSE=
-51,29,8rBOyXZhagKsHP6ekw7X+5hCeG8=,MG/DQ4/gcC+gdZfRlZ/EV9QJGSE=
-52,29,8rBOyXZhagKsHP6ekw7X+5hCeG8=,MG/DQ4/gcC+gdZfRlZ/EV9QJGSE=
-53,29,8rBOyXZhagKsHP6ekw7X+5hCeG8=,MG/DQ4/gcC+gdZfRlZ/EV9QJGSE=
-61,17,8rBOyXZhagKsHP6ekw7X+5hCeG8=,MG/DQ4/gcC+gdZfRlZ/EV9QJGSE=
-56,29,8rBOyXZhagKsHP6ekw7X+5hCeG8=,MG/DQ4/gcC+gdZfRlZ/EV9QJGSE=
-57,29,8rBOyXZhagKsHP6ekw7X+5hCeG8=,MG/DQ4/gcC+gdZfRlZ/EV9QJGSE=
-58,29,8rBOyXZhagKsHP6ekw7X+5hCeG8=,MG/DQ4/gcC+gdZfRlZ/EV9QJGSE=
-59,29,8rBOyXZhagKsHP6ekw7X+5hCeG8=,MG/DQ4/gcC+gdZfRlZ/EV9QJGSE=
-60,29,8rBOyXZhagKsHP6ekw7X+5hCeG8=,MG/DQ4/gcC+gdZfRlZ/EV9QJGSE=
-61,29,8rBOyXZhagKsHP6ekw7X+5hCeG8=,MG/DQ4/gcC+gdZfRlZ/EV9QJGSE=
-62,29,8rBOyXZhagKsHP6ekw7X+5hCeG8=,MG/DQ4/gcC+gdZfRlZ/EV9QJGSE=
-63,29,53FkOQFUl6uT2bue/VUWUp5g5qg=,MG/DQ4/gcC+gdZfRlZ/EV9QJGSE=
-62,17,53FkOQFUl6uT2bue/VUWUp5g5qg=,MG/DQ4/gcC+gdZfRlZ/EV9QJGSE=
-63,18,53FkOQFUl6uT2bue/VUWUp5g5qg=,MG/DQ4/gcC+gdZfRlZ/EV9QJGSE=
-50,28,53FkOQFUl6uT2bue/VUWUp5g5qg=,MG/DQ4/gcC+gdZfRlZ/EV9QJGSE=
-51,28,53FkOQFUl6uT2bue/VUWUp5g5qg=,MG/DQ4/gcC+gdZfRlZ/EV9QJGSE=
-52,28,53FkOQFUl6uT2bue/VUWUp5g5qg=,MG/DQ4/gcC+gdZfRlZ/EV9QJGSE=
-53,28,53FkOQFUl6uT2bue/VUWUp5g5qg=,MG/DQ4/gcC+gdZfRlZ/EV9QJGSE=
-54,28,53FkOQFUl6uT2bue/VUWUp5g5qg=,MG/DQ4/gcC+gdZfRlZ/EV9QJGSE=
-55,28,53FkOQFUl6uT2bue/VUWUp5g5qg=,MG/DQ4/gcC+gdZfRlZ/EV9QJGSE=
-57,28,53FkOQFUl6uT2bue/VUWUp5g5qg=,MG/DQ4/gcC+gdZfRlZ/EV9QJGSE=
-58,28,53FkOQFUl6uT2bue/VUWUp5g5qg=,MG/DQ4/gcC+gdZfRlZ/EV9QJGSE=
-50,30,mv0lPixGaxan2DaiCwNQPA3qaYU=,MG/DQ4/gcC+gdZfRlZ/EV9QJGSE=
-63,31,mv0lPixGaxan2DaiCwNQPA3qaYU=,MG/DQ4/gcC+gdZfRlZ/EV9QJGSE=
-54,29,8rBOyXZhagKsHP6ekw7X+5hCeG8=,MG/DQ4/gcC+gdZfRlZ/EV9QJGSE=
-55,29,8rBOyXZhagKsHP6ekw7X+5hCeG8=,MG/DQ4/gcC+gdZfRlZ/EV9QJGSE=
-56,28,53FkOQFUl6uT2bue/VUWUp5g5qg=,MG/DQ4/gcC+gdZfRlZ/EV9QJGSE=
-64,20,838GFgPingrc2Z9j2T/NLe6gGe8=,MG/DQ4/gcC+gdZfRlZ/EV9QJGSE=
-60,26,838GFgPingrc2Z9j2T/NLe6gGe8=,MG/DQ4/gcC+gdZfRlZ/EV9QJGSE=
-49,16,838GFgPingrc2Z9j2T/NLe6gGe8=,MG/DQ4/gcC+gdZfRlZ/EV9QJGSE=
-61,20,2mRX9FZ/3HA1UVeb460OHu/fzu8=,MG/DQ4/gcC+gdZfRlZ/EV9QJGSE=
-61,26,OvmT6tpv9Syh119dbOe5elVNtV4=,MG/DQ4/gcC+gdZfRlZ/EV9QJGSE=
-56,23,OvmT6tpv9Syh119dbOe5elVNtV4=,MG/DQ4/gcC+gdZfRlZ/EV9QJGSE=
-57,25,ne7gOVlB+l2uvwPpoNHVGGqgiYw=,MG/DQ4/gcC+gdZfRlZ/EV9QJGSE=
-60,20,2mRX9FZ/3HA1UVeb460OHu/fzu8=,MG/DQ4/gcC+gdZfRlZ/EV9QJGSE=
-52,22,jStcMcDUliOpFTJVB+VqHDhK9zU=,MG/DQ4/gcC+gdZfRlZ/EV9QJGSE=
-58,25,7xAv/Ar3LoGNWca5//Y5bdr1tfY=,MG/DQ4/gcC+gdZfRlZ/EV9QJGSE=
-62,20,7xAv/Ar3LoGNWca5//Y5bdr1tfY=,MG/DQ4/gcC+gdZfRlZ/EV9QJGSE=
-54,22,7xAv/Ar3LoGNWca5//Y5bdr1tfY=,MG/DQ4/gcC+gdZfRlZ/EV9QJGSE=
-63,21,7xAv/Ar3LoGNWca5//Y5bdr1tfY=,MG/DQ4/gcC+gdZfRlZ/EV9QJGSE=
-59,25,7xAv/Ar3LoGNWca5//Y5bdr1tfY=,MG/DQ4/gcC+gdZfRlZ/EV9QJGSE=
-61,25,Mgb+qlQQj423D7zJ4DiF6Z+NBP4=,MG/DQ4/gcC+gdZfRlZ/EV9QJGSE=
-62,25,Mgb+qlQQj423D7zJ4DiF6Z+NBP4=,MG/DQ4/gcC+gdZfRlZ/EV9QJGSE=
-58,24,Mgb+qlQQj423D7zJ4DiF6Z+NBP4=,MG/DQ4/gcC+gdZfRlZ/EV9QJGSE=
-55,22,Mgb+qlQQj423D7zJ4DiF6Z+NBP4=,MG/DQ4/gcC+gdZfRlZ/EV9QJGSE=
-59,24,Mgb+qlQQj423D7zJ4DiF6Z+NBP4=,MG/DQ4/gcC+gdZfRlZ/EV9QJGSE=
-60,25,i6J6+RWGgsIJxhlRNZEI14mSbas=,MG/DQ4/gcC+gdZfRlZ/EV9QJGSE=
-57,24,i6J6+RWGgsIJxhlRNZEI14mSbas=,MG/DQ4/gcC+gdZfRlZ/EV9QJGSE=
-61,24,i6J6+RWGgsIJxhlRNZEI14mSbas=,MG/DQ4/gcC+gdZfRlZ/EV9QJGSE=
-59,23,i6J6+RWGgsIJxhlRNZEI14mSbas=,MG/DQ4/gcC+gdZfRlZ/EV9QJGSE=
-60,23,ZjjNQxw43RWbipSn0tipAcjDkWE=,MG/DQ4/gcC+gdZfRlZ/EV9QJGSE=
-62,24,ZjjNQxw43RWbipSn0tipAcjDkWE=,MG/DQ4/gcC+gdZfRlZ/EV9QJGSE=
-63,23,ZjjNQxw43RWbipSn0tipAcjDkWE=,MG/DQ4/gcC+gdZfRlZ/EV9QJGSE=
-57,22,ZjjNQxw43RWbipSn0tipAcjDkWE=,MG/DQ4/gcC+gdZfRlZ/EV9QJGSE=
-60,22,ZjjNQxw43RWbipSn0tipAcjDkWE=,MG/DQ4/gcC+gdZfRlZ/EV9QJGSE=
-61,22,ZjjNQxw43RWbipSn0tipAcjDkWE=,MG/DQ4/gcC+gdZfRlZ/EV9QJGSE=
-62,22,ZjjNQxw43RWbipSn0tipAcjDkWE=,MG/DQ4/gcC+gdZfRlZ/EV9QJGSE=
-57,21,ZjjNQxw43RWbipSn0tipAcjDkWE=,MG/DQ4/gcC+gdZfRlZ/EV9QJGSE=
-62,23,qZonHDa5h2D7QXVSoyumBc7l6mQ=,MG/DQ4/gcC+gdZfRlZ/EV9QJGSE=
-61,23,qZonHDa5h2D7QXVSoyumBc7l6mQ=,MG/DQ4/gcC+gdZfRlZ/EV9QJGSE=
-60,21,qZonHDa5h2D7QXVSoyumBc7l6mQ=,MG/DQ4/gcC+gdZfRlZ/EV9QJGSE=
-49,19,7xAv/Ar3LoGNWca5//Y5bdr1tfY=,MG/DQ4/gcC+gdZfRlZ/EV9QJGSE=
-60,24,i6J6+RWGgsIJxhlRNZEI14mSbas=,MG/DQ4/gcC+gdZfRlZ/EV9QJGSE=
-56,22,i6J6+RWGgsIJxhlRNZEI14mSbas=,MG/DQ4/gcC+gdZfRlZ/EV9QJGSE=
-63,22,qZonHDa5h2D7QXVSoyumBc7l6mQ=,MG/DQ4/gcC+gdZfRlZ/EV9QJGSE=
-50,21,qZonHDa5h2D7QXVSoyumBc7l6mQ=,MG/DQ4/gcC+gdZfRlZ/EV9QJGSE=
-51,21,d0rSci3TPdZSlCt3fqoX79kKNPI=,MG/DQ4/gcC+gdZfRlZ/EV9QJGSE=
-52,21,d0rSci3TPdZSlCt3fqoX79kKNPI=,MG/DQ4/gcC+gdZfRlZ/EV9QJGSE=
-54,21,d0rSci3TPdZSlCt3fqoX79kKNPI=,MG/DQ4/gcC+gdZfRlZ/EV9QJGSE=
-55,21,d0rSci3TPdZSlCt3fqoX79kKNPI=,MG/DQ4/gcC+gdZfRlZ/EV9QJGSE=
-49,18,d0rSci3TPdZSlCt3fqoX79kKNPI=,MG/DQ4/gcC+gdZfRlZ/EV9QJGSE=
-56,21,d0rSci3TPdZSlCt3fqoX79kKNPI=,MG/DQ4/gcC+gdZfRlZ/EV9QJGSE=
-51,20,w976DrWs27u1f8cNA7wyIPVfjcU=,MG/DQ4/gcC+gdZfRlZ/EV9QJGSE=
-53,20,w976DrWs27u1f8cNA7wyIPVfjcU=,MG/DQ4/gcC+gdZfRlZ/EV9QJGSE=
-49,22,y6IIWXPTTyXRwj39OsYRO5XDSQw=,MG/DQ4/gcC+gdZfRlZ/EV9QJGSE=
-49,23,y6IIWXPTTyXRwj39OsYRO5XDSQw=,MG/DQ4/gcC+gdZfRlZ/EV9QJGSE=
-58,21,qZonHDa5h2D7QXVSoyumBc7l6mQ=,MG/DQ4/gcC+gdZfRlZ/EV9QJGSE=
-58,22,qZonHDa5h2D7QXVSoyumBc7l6mQ=,MG/DQ4/gcC+gdZfRlZ/EV9QJGSE=
-50,20,w976DrWs27u1f8cNA7wyIPVfjcU=,MG/DQ4/gcC+gdZfRlZ/EV9QJGSE=
-52,20,w976DrWs27u1f8cNA7wyIPVfjcU=,MG/DQ4/gcC+gdZfRlZ/EV9QJGSE=
-61,21,y6IIWXPTTyXRwj39OsYRO5XDSQw=,MG/DQ4/gcC+gdZfRlZ/EV9QJGSE=
-40,19,PBiuEh8Q0dJWmRwN8Ocs5h60Wao=,q3/GLv0S/nmrrdOVdWGmcirNHPE=
-42,16,PBiuEh8Q0dJWmRwN8Ocs5h60Wao=,q3/GLv0S/nmrrdOVdWGmcirNHPE=
-42,20,PBiuEh8Q0dJWmRwN8Ocs5h60Wao=,q3/GLv0S/nmrrdOVdWGmcirNHPE=
-40,20,PBiuEh8Q0dJWmRwN8Ocs5h60Wao=,q3/GLv0S/nmrrdOVdWGmcirNHPE=
-38,20,PBiuEh8Q0dJWmRwN8Ocs5h60Wao=,q3/GLv0S/nmrrdOVdWGmcirNHPE=
-48,21,PBiuEh8Q0dJWmRwN8Ocs5h60Wao=,q3/GLv0S/nmrrdOVdWGmcirNHPE=
-44,19,PBiuEh8Q0dJWmRwN8Ocs5h60Wao=,q3/GLv0S/nmrrdOVdWGmcirNHPE=
-40,18,PBiuEh8Q0dJWmRwN8Ocs5h60Wao=,q3/GLv0S/nmrrdOVdWGmcirNHPE=
-42,21,PBiuEh8Q0dJWmRwN8Ocs5h60Wao=,q3/GLv0S/nmrrdOVdWGmcirNHPE=
-45,16,PBiuEh8Q0dJWmRwN8Ocs5h60Wao=,q3/GLv0S/nmrrdOVdWGmcirNHPE=
-41,19,PBiuEh8Q0dJWmRwN8Ocs5h60Wao=,q3/GLv0S/nmrrdOVdWGmcirNHPE=
-41,21,PBiuEh8Q0dJWmRwN8Ocs5h60Wao=,q3/GLv0S/nmrrdOVdWGmcirNHPE=
-43,21,PBiuEh8Q0dJWmRwN8Ocs5h60Wao=,q3/GLv0S/nmrrdOVdWGmcirNHPE=
-40,21,PBiuEh8Q0dJWmRwN8Ocs5h60Wao=,q3/GLv0S/nmrrdOVdWGmcirNHPE=
-47,21,4ix8r/g8bX31fWYTexSNEcu8o90=,q3/GLv0S/nmrrdOVdWGmcirNHPE=
-46,21,4ix8r/g8bX31fWYTexSNEcu8o90=,q3/GLv0S/nmrrdOVdWGmcirNHPE=
-39,21,4ix8r/g8bX31fWYTexSNEcu8o90=,q3/GLv0S/nmrrdOVdWGmcirNHPE=
-44,21,4ix8r/g8bX31fWYTexSNEcu8o90=,q3/GLv0S/nmrrdOVdWGmcirNHPE=
-38,21,mSiFKdmAFmHKMUYUBXjgXiz+OlA=,q3/GLv0S/nmrrdOVdWGmcirNHPE=
-41,16,mSiFKdmAFmHKMUYUBXjgXiz+OlA=,q3/GLv0S/nmrrdOVdWGmcirNHPE=
-43,19,mSiFKdmAFmHKMUYUBXjgXiz+OlA=,q3/GLv0S/nmrrdOVdWGmcirNHPE=
-45,21,mSiFKdmAFmHKMUYUBXjgXiz+OlA=,q3/GLv0S/nmrrdOVdWGmcirNHPE=
-41,17,mSiFKdmAFmHKMUYUBXjgXiz+OlA=,q3/GLv0S/nmrrdOVdWGmcirNHPE=
-33,20,mSiFKdmAFmHKMUYUBXjgXiz+OlA=,q3/GLv0S/nmrrdOVdWGmcirNHPE=
-34,20,wOBLUEjvGvii21GydA7mVmzlBwI=,q3/GLv0S/nmrrdOVdWGmcirNHPE=
-37,21,wOBLUEjvGvii21GydA7mVmzlBwI=,q3/GLv0S/nmrrdOVdWGmcirNHPE=
-43,18,wOBLUEjvGvii21GydA7mVmzlBwI=,q3/GLv0S/nmrrdOVdWGmcirNHPE=
-36,21,wOBLUEjvGvii21GydA7mVmzlBwI=,q3/GLv0S/nmrrdOVdWGmcirNHPE=
-42,18,2aK0zajDv4L3gbHHKZFyNzPyZy4=,q3/GLv0S/nmrrdOVdWGmcirNHPE=
-43,16,2aK0zajDv4L3gbHHKZFyNzPyZy4=,q3/GLv0S/nmrrdOVdWGmcirNHPE=
-42,19,2aK0zajDv4L3gbHHKZFyNzPyZy4=,q3/GLv0S/nmrrdOVdWGmcirNHPE=
-35,21,2aK0zajDv4L3gbHHKZFyNzPyZy4=,q3/GLv0S/nmrrdOVdWGmcirNHPE=
-43,20,2aK0zajDv4L3gbHHKZFyNzPyZy4=,q3/GLv0S/nmrrdOVdWGmcirNHPE=
-34,21,2aK0zajDv4L3gbHHKZFyNzPyZy4=,q3/GLv0S/nmrrdOVdWGmcirNHPE=
-44,20,2aK0zajDv4L3gbHHKZFyNzPyZy4=,q3/GLv0S/nmrrdOVdWGmcirNHPE=
-45,20,OkO+M/HXGMPaNesGaQO4S3ka5hM=,q3/GLv0S/nmrrdOVdWGmcirNHPE=
-46,20,OkO+M/HXGMPaNesGaQO4S3ka5hM=,q3/GLv0S/nmrrdOVdWGmcirNHPE=
-39,20,OkO+M/HXGMPaNesGaQO4S3ka5hM=,q3/GLv0S/nmrrdOVdWGmcirNHPE=
-48,20,OkO+M/HXGMPaNesGaQO4S3ka5hM=,q3/GLv0S/nmrrdOVdWGmcirNHPE=
-42,17,cD7BpX2ziBEoKLtRxzxzxY+TOGI=,q3/GLv0S/nmrrdOVdWGmcirNHPE=
-33,21,cD7BpX2ziBEoKLtRxzxzxY+TOGI=,q3/GLv0S/nmrrdOVdWGmcirNHPE=
-33,19,cD7BpX2ziBEoKLtRxzxzxY+TOGI=,q3/GLv0S/nmrrdOVdWGmcirNHPE=
-40,17,cD7BpX2ziBEoKLtRxzxzxY+TOGI=,q3/GLv0S/nmrrdOVdWGmcirNHPE=
-35,19,Z7mWyTndnP4QeWfRH1VjvyOYAQU=,q3/GLv0S/nmrrdOVdWGmcirNHPE=
-48,22,Z7mWyTndnP4QeWfRH1VjvyOYAQU=,q3/GLv0S/nmrrdOVdWGmcirNHPE=
-38,19,Z7mWyTndnP4QeWfRH1VjvyOYAQU=,q3/GLv0S/nmrrdOVdWGmcirNHPE=
-40,16,Z7mWyTndnP4QeWfRH1VjvyOYAQU=,q3/GLv0S/nmrrdOVdWGmcirNHPE=
-39,18,Z7mWyTndnP4QeWfRH1VjvyOYAQU=,q3/GLv0S/nmrrdOVdWGmcirNHPE=
-47,22,Z7mWyTndnP4QeWfRH1VjvyOYAQU=,q3/GLv0S/nmrrdOVdWGmcirNHPE=
-46,22,Z7mWyTndnP4QeWfRH1VjvyOYAQU=,q3/GLv0S/nmrrdOVdWGmcirNHPE=
-39,19,Z7mWyTndnP4QeWfRH1VjvyOYAQU=,q3/GLv0S/nmrrdOVdWGmcirNHPE=
-37,19,sBuAFFti/G9OqnxJH9yCh2eAbKs=,q3/GLv0S/nmrrdOVdWGmcirNHPE=
-35,20,mSiFKdmAFmHKMUYUBXjgXiz+OlA=,q3/GLv0S/nmrrdOVdWGmcirNHPE=
-37,20,wOBLUEjvGvii21GydA7mVmzlBwI=,q3/GLv0S/nmrrdOVdWGmcirNHPE=
-41,20,OkO+M/HXGMPaNesGaQO4S3ka5hM=,q3/GLv0S/nmrrdOVdWGmcirNHPE=
-47,20,OkO+M/HXGMPaNesGaQO4S3ka5hM=,q3/GLv0S/nmrrdOVdWGmcirNHPE=
-41,18,OkO+M/HXGMPaNesGaQO4S3ka5hM=,q3/GLv0S/nmrrdOVdWGmcirNHPE=
-45,22,sBuAFFti/G9OqnxJH9yCh2eAbKs=,q3/GLv0S/nmrrdOVdWGmcirNHPE=
-36,19,sBuAFFti/G9OqnxJH9yCh2eAbKs=,q3/GLv0S/nmrrdOVdWGmcirNHPE=
-44,22,sBuAFFti/G9OqnxJH9yCh2eAbKs=,q3/GLv0S/nmrrdOVdWGmcirNHPE=
-43,22,sBuAFFti/G9OqnxJH9yCh2eAbKs=,q3/GLv0S/nmrrdOVdWGmcirNHPE=
-42,22,sBuAFFti/G9OqnxJH9yCh2eAbKs=,q3/GLv0S/nmrrdOVdWGmcirNHPE=
-41,22,sBuAFFti/G9OqnxJH9yCh2eAbKs=,q3/GLv0S/nmrrdOVdWGmcirNHPE=
-40,22,sBuAFFti/G9OqnxJH9yCh2eAbKs=,q3/GLv0S/nmrrdOVdWGmcirNHPE=
-39,22,sBuAFFti/G9OqnxJH9yCh2eAbKs=,q3/GLv0S/nmrrdOVdWGmcirNHPE=
-38,22,L9yikuKSuuFrvDelpFhhBu88Cyk=,q3/GLv0S/nmrrdOVdWGmcirNHPE=
-35,22,L9yikuKSuuFrvDelpFhhBu88Cyk=,q3/GLv0S/nmrrdOVdWGmcirNHPE=
-37,22,L9yikuKSuuFrvDelpFhhBu88Cyk=,q3/GLv0S/nmrrdOVdWGmcirNHPE=
-39,17,L9yikuKSuuFrvDelpFhhBu88Cyk=,q3/GLv0S/nmrrdOVdWGmcirNHPE=
-48,23,L9yikuKSuuFrvDelpFhhBu88Cyk=,q3/GLv0S/nmrrdOVdWGmcirNHPE=
-36,22,L9yikuKSuuFrvDelpFhhBu88Cyk=,q3/GLv0S/nmrrdOVdWGmcirNHPE=
-34,22,7U2iTs0HZnbO45KiYdpz238zCmo=,q3/GLv0S/nmrrdOVdWGmcirNHPE=
-47,23,7U2iTs0HZnbO45KiYdpz238zCmo=,q3/GLv0S/nmrrdOVdWGmcirNHPE=
-46,23,7U2iTs0HZnbO45KiYdpz238zCmo=,q3/GLv0S/nmrrdOVdWGmcirNHPE=
-33,22,7U2iTs0HZnbO45KiYdpz238zCmo=,q3/GLv0S/nmrrdOVdWGmcirNHPE=
-44,23,7U2iTs0HZnbO45KiYdpz238zCmo=,q3/GLv0S/nmrrdOVdWGmcirNHPE=
-43,23,7U2iTs0HZnbO45KiYdpz238zCmo=,q3/GLv0S/nmrrdOVdWGmcirNHPE=
-42,23,7U2iTs0HZnbO45KiYdpz238zCmo=,q3/GLv0S/nmrrdOVdWGmcirNHPE=
-41,23,7U2iTs0HZnbO45KiYdpz238zCmo=,q3/GLv0S/nmrrdOVdWGmcirNHPE=
-40,23,7U2iTs0HZnbO45KiYdpz238zCmo=,q3/GLv0S/nmrrdOVdWGmcirNHPE=
-45,23,7U2iTs0HZnbO45KiYdpz238zCmo=,q3/GLv0S/nmrrdOVdWGmcirNHPE=
-37,23,5LBcgj2/I5oZC4L7fiUeIcv1aQ8=,q3/GLv0S/nmrrdOVdWGmcirNHPE=
-38,23,5LBcgj2/I5oZC4L7fiUeIcv1aQ8=,q3/GLv0S/nmrrdOVdWGmcirNHPE=
-39,23,5LBcgj2/I5oZC4L7fiUeIcv1aQ8=,q3/GLv0S/nmrrdOVdWGmcirNHPE=
-38,17,5LBcgj2/I5oZC4L7fiUeIcv1aQ8=,q3/GLv0S/nmrrdOVdWGmcirNHPE=
-36,23,5LBcgj2/I5oZC4L7fiUeIcv1aQ8=,q3/GLv0S/nmrrdOVdWGmcirNHPE=
-48,24,5LBcgj2/I5oZC4L7fiUeIcv1aQ8=,q3/GLv0S/nmrrdOVdWGmcirNHPE=
-37,18,Pn0OBPW/lU2C8PpW1O1V1w7ZoLg=,q3/GLv0S/nmrrdOVdWGmcirNHPE=
-47,24,Pn0OBPW/lU2C8PpW1O1V1w7ZoLg=,q3/GLv0S/nmrrdOVdWGmcirNHPE=
-46,24,Pn0OBPW/lU2C8PpW1O1V1w7ZoLg=,q3/GLv0S/nmrrdOVdWGmcirNHPE=
-45,24,Pn0OBPW/lU2C8PpW1O1V1w7ZoLg=,q3/GLv0S/nmrrdOVdWGmcirNHPE=
-44,24,Pn0OBPW/lU2C8PpW1O1V1w7ZoLg=,q3/GLv0S/nmrrdOVdWGmcirNHPE=
-43,24,Pn0OBPW/lU2C8PpW1O1V1w7ZoLg=,q3/GLv0S/nmrrdOVdWGmcirNHPE=
-42,24,Pn0OBPW/lU2C8PpW1O1V1w7ZoLg=,q3/GLv0S/nmrrdOVdWGmcirNHPE=
-41,24,Pn0OBPW/lU2C8PpW1O1V1w7ZoLg=,q3/GLv0S/nmrrdOVdWGmcirNHPE=
-33,23,Pn0OBPW/lU2C8PpW1O1V1w7ZoLg=,q3/GLv0S/nmrrdOVdWGmcirNHPE=
-40,24,Pn0OBPW/lU2C8PpW1O1V1w7ZoLg=,q3/GLv0S/nmrrdOVdWGmcirNHPE=
-38,16,Pn0OBPW/lU2C8PpW1O1V1w7ZoLg=,q3/GLv0S/nmrrdOVdWGmcirNHPE=
-39,24,Pn0OBPW/lU2C8PpW1O1V1w7ZoLg=,q3/GLv0S/nmrrdOVdWGmcirNHPE=
-37,24,Pn0OBPW/lU2C8PpW1O1V1w7ZoLg=,q3/GLv0S/nmrrdOVdWGmcirNHPE=
-38,24,Pn0OBPW/lU2C8PpW1O1V1w7ZoLg=,q3/GLv0S/nmrrdOVdWGmcirNHPE=
-36,24,oru4jSX7Z7hGUASdFoYrFLO+ysU=,q3/GLv0S/nmrrdOVdWGmcirNHPE=
-48,25,oru4jSX7Z7hGUASdFoYrFLO+ysU=,q3/GLv0S/nmrrdOVdWGmcirNHPE=
-47,25,oru4jSX7Z7hGUASdFoYrFLO+ysU=,q3/GLv0S/nmrrdOVdWGmcirNHPE=
-46,25,oru4jSX7Z7hGUASdFoYrFLO+ysU=,q3/GLv0S/nmrrdOVdWGmcirNHPE=
-45,25,oru4jSX7Z7hGUASdFoYrFLO+ysU=,q3/GLv0S/nmrrdOVdWGmcirNHPE=
-44,25,oru4jSX7Z7hGUASdFoYrFLO+ysU=,q3/GLv0S/nmrrdOVdWGmcirNHPE=
-43,25,oru4jSX7Z7hGUASdFoYrFLO+ysU=,q3/GLv0S/nmrrdOVdWGmcirNHPE=
-42,25,oru4jSX7Z7hGUASdFoYrFLO+ysU=,q3/GLv0S/nmrrdOVdWGmcirNHPE=
-37,17,oru4jSX7Z7hGUASdFoYrFLO+ysU=,q3/GLv0S/nmrrdOVdWGmcirNHPE=
-37,16,oru4jSX7Z7hGUASdFoYrFLO+ysU=,q3/GLv0S/nmrrdOVdWGmcirNHPE=
-41,25,oru4jSX7Z7hGUASdFoYrFLO+ysU=,q3/GLv0S/nmrrdOVdWGmcirNHPE=
-38,25,6UZ6k259gKCJ1K2aD3UaCjLWY5g=,q3/GLv0S/nmrrdOVdWGmcirNHPE=
-40,25,6UZ6k259gKCJ1K2aD3UaCjLWY5g=,q3/GLv0S/nmrrdOVdWGmcirNHPE=
-37,25,6UZ6k259gKCJ1K2aD3UaCjLWY5g=,q3/GLv0S/nmrrdOVdWGmcirNHPE=
-36,25,6UZ6k259gKCJ1K2aD3UaCjLWY5g=,q3/GLv0S/nmrrdOVdWGmcirNHPE=
-35,25,6UZ6k259gKCJ1K2aD3UaCjLWY5g=,q3/GLv0S/nmrrdOVdWGmcirNHPE=
-34,25,eg+1AwWWKKnitYjz22d3zOlGsuI=,q3/GLv0S/nmrrdOVdWGmcirNHPE=
-36,17,eg+1AwWWKKnitYjz22d3zOlGsuI=,q3/GLv0S/nmrrdOVdWGmcirNHPE=
-33,25,eg+1AwWWKKnitYjz22d3zOlGsuI=,q3/GLv0S/nmrrdOVdWGmcirNHPE=
-35,18,eg+1AwWWKKnitYjz22d3zOlGsuI=,q3/GLv0S/nmrrdOVdWGmcirNHPE=
-48,26,eg+1AwWWKKnitYjz22d3zOlGsuI=,q3/GLv0S/nmrrdOVdWGmcirNHPE=
-47,26,eg+1AwWWKKnitYjz22d3zOlGsuI=,q3/GLv0S/nmrrdOVdWGmcirNHPE=
-46,26,eg+1AwWWKKnitYjz22d3zOlGsuI=,q3/GLv0S/nmrrdOVdWGmcirNHPE=
-44,26,eg+1AwWWKKnitYjz22d3zOlGsuI=,q3/GLv0S/nmrrdOVdWGmcirNHPE=
-43,26,eg+1AwWWKKnitYjz22d3zOlGsuI=,q3/GLv0S/nmrrdOVdWGmcirNHPE=
-42,26,eg+1AwWWKKnitYjz22d3zOlGsuI=,q3/GLv0S/nmrrdOVdWGmcirNHPE=
-36,16,nF1MjuZ+vfe7Qj/wsjSlX5a5Eak=,q3/GLv0S/nmrrdOVdWGmcirNHPE=
-41,26,nF1MjuZ+vfe7Qj/wsjSlX5a5Eak=,q3/GLv0S/nmrrdOVdWGmcirNHPE=
-40,26,nF1MjuZ+vfe7Qj/wsjSlX5a5Eak=,q3/GLv0S/nmrrdOVdWGmcirNHPE=
-39,26,nF1MjuZ+vfe7Qj/wsjSlX5a5Eak=,q3/GLv0S/nmrrdOVdWGmcirNHPE=
-35,26,6M1gxI/Ztz2JeOuI026JrZOZYvc=,q3/GLv0S/nmrrdOVdWGmcirNHPE=
-34,26,6M1gxI/Ztz2JeOuI026JrZOZYvc=,q3/GLv0S/nmrrdOVdWGmcirNHPE=
-33,26,6M1gxI/Ztz2JeOuI026JrZOZYvc=,q3/GLv0S/nmrrdOVdWGmcirNHPE=
-38,26,6M1gxI/Ztz2JeOuI026JrZOZYvc=,q3/GLv0S/nmrrdOVdWGmcirNHPE=
-35,17,6M1gxI/Ztz2JeOuI026JrZOZYvc=,q3/GLv0S/nmrrdOVdWGmcirNHPE=
-48,27,6M1gxI/Ztz2JeOuI026JrZOZYvc=,q3/GLv0S/nmrrdOVdWGmcirNHPE=
-35,16,6M1gxI/Ztz2JeOuI026JrZOZYvc=,q3/GLv0S/nmrrdOVdWGmcirNHPE=
-46,27,6M1gxI/Ztz2JeOuI026JrZOZYvc=,q3/GLv0S/nmrrdOVdWGmcirNHPE=
-45,27,6M1gxI/Ztz2JeOuI026JrZOZYvc=,q3/GLv0S/nmrrdOVdWGmcirNHPE=
-44,27,6M1gxI/Ztz2JeOuI026JrZOZYvc=,q3/GLv0S/nmrrdOVdWGmcirNHPE=
-43,27,6M1gxI/Ztz2JeOuI026JrZOZYvc=,q3/GLv0S/nmrrdOVdWGmcirNHPE=
-34,18,6M1gxI/Ztz2JeOuI026JrZOZYvc=,q3/GLv0S/nmrrdOVdWGmcirNHPE=
-39,27,6M1gxI/Ztz2JeOuI026JrZOZYvc=,q3/GLv0S/nmrrdOVdWGmcirNHPE=
-38,27,k7p1qtlTq9p0zZzb5lG8B2MTlzA=,q3/GLv0S/nmrrdOVdWGmcirNHPE=
-42,27,k7p1qtlTq9p0zZzb5lG8B2MTlzA=,q3/GLv0S/nmrrdOVdWGmcirNHPE=
-36,27,k7p1qtlTq9p0zZzb5lG8B2MTlzA=,q3/GLv0S/nmrrdOVdWGmcirNHPE=
-34,27,k7p1qtlTq9p0zZzb5lG8B2MTlzA=,q3/GLv0S/nmrrdOVdWGmcirNHPE=
-40,27,nu5+e1QI8XBNZhZ0PvDqkjHzWPU=,q3/GLv0S/nmrrdOVdWGmcirNHPE=
-41,27,nu5+e1QI8XBNZhZ0PvDqkjHzWPU=,q3/GLv0S/nmrrdOVdWGmcirNHPE=
-46,16,nu5+e1QI8XBNZhZ0PvDqkjHzWPU=,q3/GLv0S/nmrrdOVdWGmcirNHPE=
-33,27,nu5+e1QI8XBNZhZ0PvDqkjHzWPU=,q3/GLv0S/nmrrdOVdWGmcirNHPE=
-48,16,nu5+e1QI8XBNZhZ0PvDqkjHzWPU=,q3/GLv0S/nmrrdOVdWGmcirNHPE=
-33,17,YgcGMCUFggADbgN1726PhwzYEd4=,q3/GLv0S/nmrrdOVdWGmcirNHPE=
-33,18,YgcGMCUFggADbgN1726PhwzYEd4=,q3/GLv0S/nmrrdOVdWGmcirNHPE=
-48,17,YgcGMCUFggADbgN1726PhwzYEd4=,q3/GLv0S/nmrrdOVdWGmcirNHPE=
-48,28,YgcGMCUFggADbgN1726PhwzYEd4=,q3/GLv0S/nmrrdOVdWGmcirNHPE=
-47,17,YgcGMCUFggADbgN1726PhwzYEd4=,q3/GLv0S/nmrrdOVdWGmcirNHPE=
-48,18,YgcGMCUFggADbgN1726PhwzYEd4=,q3/GLv0S/nmrrdOVdWGmcirNHPE=
-46,28,YgcGMCUFggADbgN1726PhwzYEd4=,q3/GLv0S/nmrrdOVdWGmcirNHPE=
-33,16,YgcGMCUFggADbgN1726PhwzYEd4=,q3/GLv0S/nmrrdOVdWGmcirNHPE=
-45,28,YgcGMCUFggADbgN1726PhwzYEd4=,q3/GLv0S/nmrrdOVdWGmcirNHPE=
-44,28,BeI4BCZku8pRpNFzjXmC1fT1eJo=,q3/GLv0S/nmrrdOVdWGmcirNHPE=
-43,28,BeI4BCZku8pRpNFzjXmC1fT1eJo=,q3/GLv0S/nmrrdOVdWGmcirNHPE=
-42,28,BeI4BCZku8pRpNFzjXmC1fT1eJo=,q3/GLv0S/nmrrdOVdWGmcirNHPE=
-40,28,BeI4BCZku8pRpNFzjXmC1fT1eJo=,q3/GLv0S/nmrrdOVdWGmcirNHPE=
-37,28,BeI4BCZku8pRpNFzjXmC1fT1eJo=,q3/GLv0S/nmrrdOVdWGmcirNHPE=
-39,28,BeI4BCZku8pRpNFzjXmC1fT1eJo=,q3/GLv0S/nmrrdOVdWGmcirNHPE=
-36,28,BeI4BCZku8pRpNFzjXmC1fT1eJo=,q3/GLv0S/nmrrdOVdWGmcirNHPE=
-35,28,BeI4BCZku8pRpNFzjXmC1fT1eJo=,q3/GLv0S/nmrrdOVdWGmcirNHPE=
-48,29,BeI4BCZku8pRpNFzjXmC1fT1eJo=,q3/GLv0S/nmrrdOVdWGmcirNHPE=
-47,18,tS2SbGMOUiMXQtgS2x2IfGUEth4=,q3/GLv0S/nmrrdOVdWGmcirNHPE=
-46,17,tS2SbGMOUiMXQtgS2x2IfGUEth4=,q3/GLv0S/nmrrdOVdWGmcirNHPE=
-47,29,tS2SbGMOUiMXQtgS2x2IfGUEth4=,q3/GLv0S/nmrrdOVdWGmcirNHPE=
-46,29,tS2SbGMOUiMXQtgS2x2IfGUEth4=,q3/GLv0S/nmrrdOVdWGmcirNHPE=
-45,29,tS2SbGMOUiMXQtgS2x2IfGUEth4=,q3/GLv0S/nmrrdOVdWGmcirNHPE=
-34,28,tS2SbGMOUiMXQtgS2x2IfGUEth4=,q3/GLv0S/nmrrdOVdWGmcirNHPE=
-41,29,tS2SbGMOUiMXQtgS2x2IfGUEth4=,q3/GLv0S/nmrrdOVdWGmcirNHPE=
-40,29,tS2SbGMOUiMXQtgS2x2IfGUEth4=,q3/GLv0S/nmrrdOVdWGmcirNHPE=
-43,29,tS2SbGMOUiMXQtgS2x2IfGUEth4=,q3/GLv0S/nmrrdOVdWGmcirNHPE=
-39,29,tS2SbGMOUiMXQtgS2x2IfGUEth4=,q3/GLv0S/nmrrdOVdWGmcirNHPE=
-37,29,tS2SbGMOUiMXQtgS2x2IfGUEth4=,q3/GLv0S/nmrrdOVdWGmcirNHPE=
-44,29,xLlqu+kAdgVsgKKPdHEZqQcz4tg=,q3/GLv0S/nmrrdOVdWGmcirNHPE=
-38,29,xLlqu+kAdgVsgKKPdHEZqQcz4tg=,q3/GLv0S/nmrrdOVdWGmcirNHPE=
-33,29,xLlqu+kAdgVsgKKPdHEZqQcz4tg=,q3/GLv0S/nmrrdOVdWGmcirNHPE=
-34,29,xLlqu+kAdgVsgKKPdHEZqQcz4tg=,q3/GLv0S/nmrrdOVdWGmcirNHPE=
-46,18,xLlqu+kAdgVsgKKPdHEZqQcz4tg=,q3/GLv0S/nmrrdOVdWGmcirNHPE=
-45,17,xLlqu+kAdgVsgKKPdHEZqQcz4tg=,q3/GLv0S/nmrrdOVdWGmcirNHPE=
-47,30,xLlqu+kAdgVsgKKPdHEZqQcz4tg=,q3/GLv0S/nmrrdOVdWGmcirNHPE=
-48,30,R9B9Oo5Z+e4dSjYrxK3EbrAxvKs=,q3/GLv0S/nmrrdOVdWGmcirNHPE=
-46,30,R9B9Oo5Z+e4dSjYrxK3EbrAxvKs=,q3/GLv0S/nmrrdOVdWGmcirNHPE=
-45,30,R9B9Oo5Z+e4dSjYrxK3EbrAxvKs=,q3/GLv0S/nmrrdOVdWGmcirNHPE=
-44,30,S3OI3HoW5fgAyX0g5mfCZ1583Es=,q3/GLv0S/nmrrdOVdWGmcirNHPE=
-43,30,S3OI3HoW5fgAyX0g5mfCZ1583Es=,q3/GLv0S/nmrrdOVdWGmcirNHPE=
-39,30,S3OI3HoW5fgAyX0g5mfCZ1583Es=,q3/GLv0S/nmrrdOVdWGmcirNHPE=
-41,30,S3OI3HoW5fgAyX0g5mfCZ1583Es=,q3/GLv0S/nmrrdOVdWGmcirNHPE=
-40,30,En1CgxZYv303ARR271DVfvs+87w=,q3/GLv0S/nmrrdOVdWGmcirNHPE=
-36,30,En1CgxZYv303ARR271DVfvs+87w=,q3/GLv0S/nmrrdOVdWGmcirNHPE=
-34,30,En1CgxZYv303ARR271DVfvs+87w=,q3/GLv0S/nmrrdOVdWGmcirNHPE=
-45,18,En1CgxZYv303ARR271DVfvs+87w=,q3/GLv0S/nmrrdOVdWGmcirNHPE=
-33,30,En1CgxZYv303ARR271DVfvs+87w=,q3/GLv0S/nmrrdOVdWGmcirNHPE=
-47,19,En1CgxZYv303ARR271DVfvs+87w=,q3/GLv0S/nmrrdOVdWGmcirNHPE=
-48,31,pzE5RpC7Na7gej/n7fDiTBQykP8=,q3/GLv0S/nmrrdOVdWGmcirNHPE=
-35,30,pzE5RpC7Na7gej/n7fDiTBQykP8=,q3/GLv0S/nmrrdOVdWGmcirNHPE=
-47,31,pzE5RpC7Na7gej/n7fDiTBQykP8=,q3/GLv0S/nmrrdOVdWGmcirNHPE=
-45,31,pzE5RpC7Na7gej/n7fDiTBQykP8=,q3/GLv0S/nmrrdOVdWGmcirNHPE=
-46,31,XvfgB4P4cbResg8CxrSveiRp7cw=,q3/GLv0S/nmrrdOVdWGmcirNHPE=
-44,16,XvfgB4P4cbResg8CxrSveiRp7cw=,q3/GLv0S/nmrrdOVdWGmcirNHPE=
-44,31,XvfgB4P4cbResg8CxrSveiRp7cw=,q3/GLv0S/nmrrdOVdWGmcirNHPE=
-42,31,XvfgB4P4cbResg8CxrSveiRp7cw=,q3/GLv0S/nmrrdOVdWGmcirNHPE=
-41,31,gNRB3np0M889FQf7dtdFBCFcqNM=,q3/GLv0S/nmrrdOVdWGmcirNHPE=
-37,31,gNRB3np0M889FQf7dtdFBCFcqNM=,q3/GLv0S/nmrrdOVdWGmcirNHPE=
-38,31,gNRB3np0M889FQf7dtdFBCFcqNM=,q3/GLv0S/nmrrdOVdWGmcirNHPE=
-34,31,gNRB3np0M889FQf7dtdFBCFcqNM=,q3/GLv0S/nmrrdOVdWGmcirNHPE=
-33,31,gNRB3np0M889FQf7dtdFBCFcqNM=,q3/GLv0S/nmrrdOVdWGmcirNHPE=
-47,16,gNRB3np0M889FQf7dtdFBCFcqNM=,q3/GLv0S/nmrrdOVdWGmcirNHPE=
-35,31,CGyTkI3Z3Gc+OK/xmpjyo3lYFl4=,q3/GLv0S/nmrrdOVdWGmcirNHPE=
-46,19,VXwLIFZX0yqjaYvQ+pbUI1lrKS0=,q3/GLv0S/nmrrdOVdWGmcirNHPE=
-44,17,VXwLIFZX0yqjaYvQ+pbUI1lrKS0=,q3/GLv0S/nmrrdOVdWGmcirNHPE=
-36,20,sBuAFFti/G9OqnxJH9yCh2eAbKs=,q3/GLv0S/nmrrdOVdWGmcirNHPE=
-34,19,sBuAFFti/G9OqnxJH9yCh2eAbKs=,q3/GLv0S/nmrrdOVdWGmcirNHPE=
-45,19,VXwLIFZX0yqjaYvQ+pbUI1lrKS0=,q3/GLv0S/nmrrdOVdWGmcirNHPE=
-38,18,L9yikuKSuuFrvDelpFhhBu88Cyk=,q3/GLv0S/nmrrdOVdWGmcirNHPE=
-35,23,5LBcgj2/I5oZC4L7fiUeIcv1aQ8=,q3/GLv0S/nmrrdOVdWGmcirNHPE=
-34,23,5LBcgj2/I5oZC4L7fiUeIcv1aQ8=,q3/GLv0S/nmrrdOVdWGmcirNHPE=
-39,16,VXwLIFZX0yqjaYvQ+pbUI1lrKS0=,q3/GLv0S/nmrrdOVdWGmcirNHPE=
-35,24,2Wef2lV/ThFZ7rWyCJozppReHa8=,q3/GLv0S/nmrrdOVdWGmcirNHPE=
-33,24,6UZ6k259gKCJ1K2aD3UaCjLWY5g=,q3/GLv0S/nmrrdOVdWGmcirNHPE=
-39,25,6UZ6k259gKCJ1K2aD3UaCjLWY5g=,q3/GLv0S/nmrrdOVdWGmcirNHPE=
-34,24,2Wef2lV/ThFZ7rWyCJozppReHa8=,q3/GLv0S/nmrrdOVdWGmcirNHPE=
-45,26,eg+1AwWWKKnitYjz22d3zOlGsuI=,q3/GLv0S/nmrrdOVdWGmcirNHPE=
-37,26,6M1gxI/Ztz2JeOuI026JrZOZYvc=,q3/GLv0S/nmrrdOVdWGmcirNHPE=
-36,26,6M1gxI/Ztz2JeOuI026JrZOZYvc=,q3/GLv0S/nmrrdOVdWGmcirNHPE=
-47,27,6M1gxI/Ztz2JeOuI026JrZOZYvc=,q3/GLv0S/nmrrdOVdWGmcirNHPE=
-35,27,k7p1qtlTq9p0zZzb5lG8B2MTlzA=,q3/GLv0S/nmrrdOVdWGmcirNHPE=
-37,27,nu5+e1QI8XBNZhZ0PvDqkjHzWPU=,q3/GLv0S/nmrrdOVdWGmcirNHPE=
-34,17,nu5+e1QI8XBNZhZ0PvDqkjHzWPU=,q3/GLv0S/nmrrdOVdWGmcirNHPE=
-47,28,YgcGMCUFggADbgN1726PhwzYEd4=,q3/GLv0S/nmrrdOVdWGmcirNHPE=
-48,19,YgcGMCUFggADbgN1726PhwzYEd4=,q3/GLv0S/nmrrdOVdWGmcirNHPE=
-34,16,YgcGMCUFggADbgN1726PhwzYEd4=,q3/GLv0S/nmrrdOVdWGmcirNHPE=
-36,18,2Wef2lV/ThFZ7rWyCJozppReHa8=,q3/GLv0S/nmrrdOVdWGmcirNHPE=
-41,28,BeI4BCZku8pRpNFzjXmC1fT1eJo=,q3/GLv0S/nmrrdOVdWGmcirNHPE=
-33,28,2Wef2lV/ThFZ7rWyCJozppReHa8=,q3/GLv0S/nmrrdOVdWGmcirNHPE=
-42,29,xLlqu+kAdgVsgKKPdHEZqQcz4tg=,q3/GLv0S/nmrrdOVdWGmcirNHPE=
-36,29,xLlqu+kAdgVsgKKPdHEZqQcz4tg=,q3/GLv0S/nmrrdOVdWGmcirNHPE=
-42,30,En1CgxZYv303ARR271DVfvs+87w=,q3/GLv0S/nmrrdOVdWGmcirNHPE=
-38,30,En1CgxZYv303ARR271DVfvs+87w=,q3/GLv0S/nmrrdOVdWGmcirNHPE=
-37,30,En1CgxZYv303ARR271DVfvs+87w=,q3/GLv0S/nmrrdOVdWGmcirNHPE=
-38,28,4y9npjnTWWqFjEnaGy2Tbo7mFhc=,q3/GLv0S/nmrrdOVdWGmcirNHPE=
-43,31,XvfgB4P4cbResg8CxrSveiRp7cw=,q3/GLv0S/nmrrdOVdWGmcirNHPE=
-39,31,OnMNabZbg014rjmSeyoOUtAlfyc=,q3/GLv0S/nmrrdOVdWGmcirNHPE=
-44,18,VXwLIFZX0yqjaYvQ+pbUI1lrKS0=,q3/GLv0S/nmrrdOVdWGmcirNHPE=
-36,31,VXwLIFZX0yqjaYvQ+pbUI1lrKS0=,q3/GLv0S/nmrrdOVdWGmcirNHPE=
-35,29,OnMNabZbg014rjmSeyoOUtAlfyc=,q3/GLv0S/nmrrdOVdWGmcirNHPE=
-40,31,OnMNabZbg014rjmSeyoOUtAlfyc=,q3/GLv0S/nmrrdOVdWGmcirNHPE=
-43,17,rfbhrswJKxx6vww7wP103c8rqzA=,q3/GLv0S/nmrrdOVdWGmcirNHPE=
-41,3,TpqSlnod4dW3zJz/KO3YzC8VIO4=,N1CskRU6qvhtp09lQYSdCmSD58s=
-44,3,TpqSlnod4dW3zJz/KO3YzC8VIO4=,N1CskRU6qvhtp09lQYSdCmSD58s=
-45,3,qKx81eZuWsjj4cLb4USypQFYc9s=,N1CskRU6qvhtp09lQYSdCmSD58s=
-40,3,qKx81eZuWsjj4cLb4USypQFYc9s=,N1CskRU6qvhtp09lQYSdCmSD58s=
-45,0,qKx81eZuWsjj4cLb4USypQFYc9s=,N1CskRU6qvhtp09lQYSdCmSD58s=
-39,3,qKx81eZuWsjj4cLb4USypQFYc9s=,N1CskRU6qvhtp09lQYSdCmSD58s=
-43,3,dif6ZxaFfROEhQ/Kb+b/GG90ApU=,N1CskRU6qvhtp09lQYSdCmSD58s=
-38,3,dif6ZxaFfROEhQ/Kb+b/GG90ApU=,N1CskRU6qvhtp09lQYSdCmSD58s=
-42,3,qKx81eZuWsjj4cLb4USypQFYc9s=,N1CskRU6qvhtp09lQYSdCmSD58s=
-43,0,qKx81eZuWsjj4cLb4USypQFYc9s=,N1CskRU6qvhtp09lQYSdCmSD58s=
-43,2,dif6ZxaFfROEhQ/Kb+b/GG90ApU=,N1CskRU6qvhtp09lQYSdCmSD58s=
-43,1,dif6ZxaFfROEhQ/Kb+b/GG90ApU=,N1CskRU6qvhtp09lQYSdCmSD58s=
-44,1,dif6ZxaFfROEhQ/Kb+b/GG90ApU=,N1CskRU6qvhtp09lQYSdCmSD58s=
-42,2,dif6ZxaFfROEhQ/Kb+b/GG90ApU=,N1CskRU6qvhtp09lQYSdCmSD58s=
-37,3,dif6ZxaFfROEhQ/Kb+b/GG90ApU=,N1CskRU6qvhtp09lQYSdCmSD58s=
-47,0,dif6ZxaFfROEhQ/Kb+b/GG90ApU=,N1CskRU6qvhtp09lQYSdCmSD58s=
-36,3,DM9/GutK6cALpOMBA7DxOQmoCVQ=,N1CskRU6qvhtp09lQYSdCmSD58s=
-35,3,DM9/GutK6cALpOMBA7DxOQmoCVQ=,N1CskRU6qvhtp09lQYSdCmSD58s=
-42,1,DM9/GutK6cALpOMBA7DxOQmoCVQ=,N1CskRU6qvhtp09lQYSdCmSD58s=
-33,3,tkCnxQtTZP0smv9nREDDmqsHigc=,N1CskRU6qvhtp09lQYSdCmSD58s=
-34,3,tkCnxQtTZP0smv9nREDDmqsHigc=,N1CskRU6qvhtp09lQYSdCmSD58s=
-41,2,tkCnxQtTZP0smv9nREDDmqsHigc=,N1CskRU6qvhtp09lQYSdCmSD58s=
-48,4,tkCnxQtTZP0smv9nREDDmqsHigc=,N1CskRU6qvhtp09lQYSdCmSD58s=
-47,4,tkCnxQtTZP0smv9nREDDmqsHigc=,N1CskRU6qvhtp09lQYSdCmSD58s=
-45,4,tkCnxQtTZP0smv9nREDDmqsHigc=,N1CskRU6qvhtp09lQYSdCmSD58s=
-43,4,2ZIvFv13FmDe7a44tepPb6pBZMI=,N1CskRU6qvhtp09lQYSdCmSD58s=
-44,4,2ZIvFv13FmDe7a44tepPb6pBZMI=,N1CskRU6qvhtp09lQYSdCmSD58s=
-42,4,2ZIvFv13FmDe7a44tepPb6pBZMI=,N1CskRU6qvhtp09lQYSdCmSD58s=
-41,4,2ZIvFv13FmDe7a44tepPb6pBZMI=,N1CskRU6qvhtp09lQYSdCmSD58s=
-40,4,2ZIvFv13FmDe7a44tepPb6pBZMI=,N1CskRU6qvhtp09lQYSdCmSD58s=
-38,4,2ZIvFv13FmDe7a44tepPb6pBZMI=,N1CskRU6qvhtp09lQYSdCmSD58s=
-36,4,AS25Lh4E8q20MR0CJuvTR+VZZkE=,N1CskRU6qvhtp09lQYSdCmSD58s=
-35,4,AS25Lh4E8q20MR0CJuvTR+VZZkE=,N1CskRU6qvhtp09lQYSdCmSD58s=
-34,4,AS25Lh4E8q20MR0CJuvTR+VZZkE=,N1CskRU6qvhtp09lQYSdCmSD58s=
-33,4,AS25Lh4E8q20MR0CJuvTR+VZZkE=,N1CskRU6qvhtp09lQYSdCmSD58s=
-41,1,AS25Lh4E8q20MR0CJuvTR+VZZkE=,N1CskRU6qvhtp09lQYSdCmSD58s=
-48,5,AS25Lh4E8q20MR0CJuvTR+VZZkE=,N1CskRU6qvhtp09lQYSdCmSD58s=
-41,0,qwAUUt+VuA8W29UoZ3CCb4SHw00=,N1CskRU6qvhtp09lQYSdCmSD58s=
-47,5,qwAUUt+VuA8W29UoZ3CCb4SHw00=,N1CskRU6qvhtp09lQYSdCmSD58s=
-45,5,qwAUUt+VuA8W29UoZ3CCb4SHw00=,N1CskRU6qvhtp09lQYSdCmSD58s=
-44,5,qwAUUt+VuA8W29UoZ3CCb4SHw00=,N1CskRU6qvhtp09lQYSdCmSD58s=
-43,5,qwAUUt+VuA8W29UoZ3CCb4SHw00=,N1CskRU6qvhtp09lQYSdCmSD58s=
-42,5,qwAUUt+VuA8W29UoZ3CCb4SHw00=,N1CskRU6qvhtp09lQYSdCmSD58s=
-41,5,qwAUUt+VuA8W29UoZ3CCb4SHw00=,N1CskRU6qvhtp09lQYSdCmSD58s=
-39,5,H7e69K8Z5RV0PnO7Y8qczBai10g=,N1CskRU6qvhtp09lQYSdCmSD58s=
-38,5,H7e69K8Z5RV0PnO7Y8qczBai10g=,N1CskRU6qvhtp09lQYSdCmSD58s=
-36,5,H7e69K8Z5RV0PnO7Y8qczBai10g=,N1CskRU6qvhtp09lQYSdCmSD58s=
-35,5,H7e69K8Z5RV0PnO7Y8qczBai10g=,N1CskRU6qvhtp09lQYSdCmSD58s=
-33,5,H7e69K8Z5RV0PnO7Y8qczBai10g=,N1CskRU6qvhtp09lQYSdCmSD58s=
-39,2,egRtrk/YzK5weV1cqOEUFOfLGKM=,N1CskRU6qvhtp09lQYSdCmSD58s=
-40,1,egRtrk/YzK5weV1cqOEUFOfLGKM=,N1CskRU6qvhtp09lQYSdCmSD58s=
-34,5,egRtrk/YzK5weV1cqOEUFOfLGKM=,N1CskRU6qvhtp09lQYSdCmSD58s=
-48,6,egRtrk/YzK5weV1cqOEUFOfLGKM=,N1CskRU6qvhtp09lQYSdCmSD58s=
-47,6,egRtrk/YzK5weV1cqOEUFOfLGKM=,N1CskRU6qvhtp09lQYSdCmSD58s=
-45,6,GQfgi+3XNkd61tW4bUybZcHOtl0=,N1CskRU6qvhtp09lQYSdCmSD58s=
-44,6,GQfgi+3XNkd61tW4bUybZcHOtl0=,N1CskRU6qvhtp09lQYSdCmSD58s=
-42,6,GQfgi+3XNkd61tW4bUybZcHOtl0=,N1CskRU6qvhtp09lQYSdCmSD58s=
-43,6,GQfgi+3XNkd61tW4bUybZcHOtl0=,N1CskRU6qvhtp09lQYSdCmSD58s=
-41,6,GQfgi+3XNkd61tW4bUybZcHOtl0=,N1CskRU6qvhtp09lQYSdCmSD58s=
-37,6,JOH2QtEPtcxd293ZL99gexWFLLA=,N1CskRU6qvhtp09lQYSdCmSD58s=
-38,6,JOH2QtEPtcxd293ZL99gexWFLLA=,N1CskRU6qvhtp09lQYSdCmSD58s=
-36,6,JOH2QtEPtcxd293ZL99gexWFLLA=,N1CskRU6qvhtp09lQYSdCmSD58s=
-35,6,JOH2QtEPtcxd293ZL99gexWFLLA=,N1CskRU6qvhtp09lQYSdCmSD58s=
-39,1,H8XhBsql1DteSdQ+goL+HrekwNY=,N1CskRU6qvhtp09lQYSdCmSD58s=
-34,6,H8XhBsql1DteSdQ+goL+HrekwNY=,N1CskRU6qvhtp09lQYSdCmSD58s=
-33,6,H8XhBsql1DteSdQ+goL+HrekwNY=,N1CskRU6qvhtp09lQYSdCmSD58s=
-38,2,H8XhBsql1DteSdQ+goL+HrekwNY=,N1CskRU6qvhtp09lQYSdCmSD58s=
-48,7,eUI3JaWTihsFMJH3GETlGJ0swC8=,N1CskRU6qvhtp09lQYSdCmSD58s=
-47,7,eUI3JaWTihsFMJH3GETlGJ0swC8=,N1CskRU6qvhtp09lQYSdCmSD58s=
-43,7,F3OKOZk1lZtxrrCg7hr1KKvqFQU=,N1CskRU6qvhtp09lQYSdCmSD58s=
-44,7,F3OKOZk1lZtxrrCg7hr1KKvqFQU=,N1CskRU6qvhtp09lQYSdCmSD58s=
-45,7,F3OKOZk1lZtxrrCg7hr1KKvqFQU=,N1CskRU6qvhtp09lQYSdCmSD58s=
-42,7,F3OKOZk1lZtxrrCg7hr1KKvqFQU=,N1CskRU6qvhtp09lQYSdCmSD58s=
-40,7,F3OKOZk1lZtxrrCg7hr1KKvqFQU=,N1CskRU6qvhtp09lQYSdCmSD58s=
-41,7,F3OKOZk1lZtxrrCg7hr1KKvqFQU=,N1CskRU6qvhtp09lQYSdCmSD58s=
-39,7,F3OKOZk1lZtxrrCg7hr1KKvqFQU=,N1CskRU6qvhtp09lQYSdCmSD58s=
-37,7,Bg1Nh9WyK5KcCO9mPiUbTwj+y1E=,N1CskRU6qvhtp09lQYSdCmSD58s=
-35,7,Bg1Nh9WyK5KcCO9mPiUbTwj+y1E=,N1CskRU6qvhtp09lQYSdCmSD58s=
-34,7,Bg1Nh9WyK5KcCO9mPiUbTwj+y1E=,N1CskRU6qvhtp09lQYSdCmSD58s=
-38,1,Bg1Nh9WyK5KcCO9mPiUbTwj+y1E=,N1CskRU6qvhtp09lQYSdCmSD58s=
-48,8,4DTUdVvQUrroCC1iZLIIQxT6/h8=,N1CskRU6qvhtp09lQYSdCmSD58s=
-33,7,4DTUdVvQUrroCC1iZLIIQxT6/h8=,N1CskRU6qvhtp09lQYSdCmSD58s=
-38,0,4DTUdVvQUrroCC1iZLIIQxT6/h8=,N1CskRU6qvhtp09lQYSdCmSD58s=
-47,8,4DTUdVvQUrroCC1iZLIIQxT6/h8=,N1CskRU6qvhtp09lQYSdCmSD58s=
-45,8,zptCDcO2qX/LeYpGZxs19/A8SxQ=,N1CskRU6qvhtp09lQYSdCmSD58s=
-44,8,zptCDcO2qX/LeYpGZxs19/A8SxQ=,N1CskRU6qvhtp09lQYSdCmSD58s=
-43,8,zptCDcO2qX/LeYpGZxs19/A8SxQ=,N1CskRU6qvhtp09lQYSdCmSD58s=
-40,8,TE1i4NMZS9dkZDLRLNr10xODhrI=,N1CskRU6qvhtp09lQYSdCmSD58s=
-42,8,TE1i4NMZS9dkZDLRLNr10xODhrI=,N1CskRU6qvhtp09lQYSdCmSD58s=
-39,8,TE1i4NMZS9dkZDLRLNr10xODhrI=,N1CskRU6qvhtp09lQYSdCmSD58s=
-41,8,TE1i4NMZS9dkZDLRLNr10xODhrI=,N1CskRU6qvhtp09lQYSdCmSD58s=
-38,8,TE1i4NMZS9dkZDLRLNr10xODhrI=,N1CskRU6qvhtp09lQYSdCmSD58s=
-35,8,TE1i4NMZS9dkZDLRLNr10xODhrI=,N1CskRU6qvhtp09lQYSdCmSD58s=
-34,8,TE1i4NMZS9dkZDLRLNr10xODhrI=,N1CskRU6qvhtp09lQYSdCmSD58s=
-33,8,TE1i4NMZS9dkZDLRLNr10xODhrI=,N1CskRU6qvhtp09lQYSdCmSD58s=
-37,1,ktIVQEqmGLARaLgSKNvnpSDYBLg=,N1CskRU6qvhtp09lQYSdCmSD58s=
-36,2,ktIVQEqmGLARaLgSKNvnpSDYBLg=,N1CskRU6qvhtp09lQYSdCmSD58s=
-48,9,ktIVQEqmGLARaLgSKNvnpSDYBLg=,N1CskRU6qvhtp09lQYSdCmSD58s=
-37,0,ktIVQEqmGLARaLgSKNvnpSDYBLg=,N1CskRU6qvhtp09lQYSdCmSD58s=
-47,9,ktIVQEqmGLARaLgSKNvnpSDYBLg=,N1CskRU6qvhtp09lQYSdCmSD58s=
-44,9,4BFCFIvm4GZwetDRoFNEQRro2XI=,N1CskRU6qvhtp09lQYSdCmSD58s=
-43,9,4BFCFIvm4GZwetDRoFNEQRro2XI=,N1CskRU6qvhtp09lQYSdCmSD58s=
-40,9,4BFCFIvm4GZwetDRoFNEQRro2XI=,N1CskRU6qvhtp09lQYSdCmSD58s=
-42,9,4BFCFIvm4GZwetDRoFNEQRro2XI=,N1CskRU6qvhtp09lQYSdCmSD58s=
-41,9,4BFCFIvm4GZwetDRoFNEQRro2XI=,N1CskRU6qvhtp09lQYSdCmSD58s=
-36,9,4BFCFIvm4GZwetDRoFNEQRro2XI=,N1CskRU6qvhtp09lQYSdCmSD58s=
-35,9,RxMnT6si49B3SbD+4FpxaalRaSU=,N1CskRU6qvhtp09lQYSdCmSD58s=
-37,9,RxMnT6si49B3SbD+4FpxaalRaSU=,N1CskRU6qvhtp09lQYSdCmSD58s=
-34,9,RxMnT6si49B3SbD+4FpxaalRaSU=,N1CskRU6qvhtp09lQYSdCmSD58s=
-36,1,9NhPlWipuaJAw/q2dGEhDByfzak=,N1CskRU6qvhtp09lQYSdCmSD58s=
-33,9,9NhPlWipuaJAw/q2dGEhDByfzak=,N1CskRU6qvhtp09lQYSdCmSD58s=
-47,10,9NhPlWipuaJAw/q2dGEhDByfzak=,N1CskRU6qvhtp09lQYSdCmSD58s=
-48,10,9NhPlWipuaJAw/q2dGEhDByfzak=,N1CskRU6qvhtp09lQYSdCmSD58s=
-36,0,9NhPlWipuaJAw/q2dGEhDByfzak=,N1CskRU6qvhtp09lQYSdCmSD58s=
-35,2,9NhPlWipuaJAw/q2dGEhDByfzak=,N1CskRU6qvhtp09lQYSdCmSD58s=
-45,10,9NhPlWipuaJAw/q2dGEhDByfzak=,N1CskRU6qvhtp09lQYSdCmSD58s=
-44,10,9NhPlWipuaJAw/q2dGEhDByfzak=,N1CskRU6qvhtp09lQYSdCmSD58s=
-42,10,n4ix+vXLNuRbydGi3CA7zxcwndQ=,N1CskRU6qvhtp09lQYSdCmSD58s=
-41,10,n4ix+vXLNuRbydGi3CA7zxcwndQ=,N1CskRU6qvhtp09lQYSdCmSD58s=
-39,10,n4ix+vXLNuRbydGi3CA7zxcwndQ=,N1CskRU6qvhtp09lQYSdCmSD58s=
-37,10,DEl8KZRVa9D/Z4H5o3/HCyeikj0=,N1CskRU6qvhtp09lQYSdCmSD58s=
-40,10,DEl8KZRVa9D/Z4H5o3/HCyeikj0=,N1CskRU6qvhtp09lQYSdCmSD58s=
-38,10,DEl8KZRVa9D/Z4H5o3/HCyeikj0=,N1CskRU6qvhtp09lQYSdCmSD58s=
-36,10,DEl8KZRVa9D/Z4H5o3/HCyeikj0=,N1CskRU6qvhtp09lQYSdCmSD58s=
-35,10,DEl8KZRVa9D/Z4H5o3/HCyeikj0=,N1CskRU6qvhtp09lQYSdCmSD58s=
-33,10,or5r+hplUk4lHA3pQlqHjMGN8JY=,N1CskRU6qvhtp09lQYSdCmSD58s=
-35,0,or5r+hplUk4lHA3pQlqHjMGN8JY=,N1CskRU6qvhtp09lQYSdCmSD58s=
-48,11,or5r+hplUk4lHA3pQlqHjMGN8JY=,N1CskRU6qvhtp09lQYSdCmSD58s=
-34,2,or5r+hplUk4lHA3pQlqHjMGN8JY=,N1CskRU6qvhtp09lQYSdCmSD58s=
-47,11,or5r+hplUk4lHA3pQlqHjMGN8JY=,N1CskRU6qvhtp09lQYSdCmSD58s=
-45,11,pNrEvFIG87RnkS39FO5OwyN7rLI=,N1CskRU6qvhtp09lQYSdCmSD58s=
-44,11,pNrEvFIG87RnkS39FO5OwyN7rLI=,N1CskRU6qvhtp09lQYSdCmSD58s=
-40,11,pNrEvFIG87RnkS39FO5OwyN7rLI=,N1CskRU6qvhtp09lQYSdCmSD58s=
-38,11,pNrEvFIG87RnkS39FO5OwyN7rLI=,N1CskRU6qvhtp09lQYSdCmSD58s=
-42,11,pNrEvFIG87RnkS39FO5OwyN7rLI=,N1CskRU6qvhtp09lQYSdCmSD58s=
-41,11,pNrEvFIG87RnkS39FO5OwyN7rLI=,N1CskRU6qvhtp09lQYSdCmSD58s=
-35,11,pNrEvFIG87RnkS39FO5OwyN7rLI=,N1CskRU6qvhtp09lQYSdCmSD58s=
-39,11,pNrEvFIG87RnkS39FO5OwyN7rLI=,N1CskRU6qvhtp09lQYSdCmSD58s=
-34,11,pNrEvFIG87RnkS39FO5OwyN7rLI=,N1CskRU6qvhtp09lQYSdCmSD58s=
-36,11,zYwie2asiLwLNvdQGTXHheE3RCc=,N1CskRU6qvhtp09lQYSdCmSD58s=
-34,1,zYwie2asiLwLNvdQGTXHheE3RCc=,N1CskRU6qvhtp09lQYSdCmSD58s=
-33,1,zYwie2asiLwLNvdQGTXHheE3RCc=,N1CskRU6qvhtp09lQYSdCmSD58s=
-34,0,07t+DjtAbWXQ8urtwf1C4dKxVmo=,N1CskRU6qvhtp09lQYSdCmSD58s=
-48,2,07t+DjtAbWXQ8urtwf1C4dKxVmo=,N1CskRU6qvhtp09lQYSdCmSD58s=
-33,2,07t+DjtAbWXQ8urtwf1C4dKxVmo=,N1CskRU6qvhtp09lQYSdCmSD58s=
-48,0,07t+DjtAbWXQ8urtwf1C4dKxVmo=,N1CskRU6qvhtp09lQYSdCmSD58s=
-33,0,07t+DjtAbWXQ8urtwf1C4dKxVmo=,N1CskRU6qvhtp09lQYSdCmSD58s=
-48,1,m/o4yybdLB/A/amaYW9yscx+6yM=,N1CskRU6qvhtp09lQYSdCmSD58s=
-48,3,m/o4yybdLB/A/amaYW9yscx+6yM=,N1CskRU6qvhtp09lQYSdCmSD58s=
-47,12,m/o4yybdLB/A/amaYW9yscx+6yM=,N1CskRU6qvhtp09lQYSdCmSD58s=
-47,1,m/o4yybdLB/A/amaYW9yscx+6yM=,N1CskRU6qvhtp09lQYSdCmSD58s=
-44,12,wPwV3KOW+0UA2IvaiPJhMEq7pZY=,N1CskRU6qvhtp09lQYSdCmSD58s=
-46,12,wPwV3KOW+0UA2IvaiPJhMEq7pZY=,N1CskRU6qvhtp09lQYSdCmSD58s=
-45,12,wPwV3KOW+0UA2IvaiPJhMEq7pZY=,N1CskRU6qvhtp09lQYSdCmSD58s=
-42,12,wPwV3KOW+0UA2IvaiPJhMEq7pZY=,N1CskRU6qvhtp09lQYSdCmSD58s=
-41,12,wPwV3KOW+0UA2IvaiPJhMEq7pZY=,N1CskRU6qvhtp09lQYSdCmSD58s=
-38,12,6U7kaRbjfMLxHklI0jSGq4TFlQo=,N1CskRU6qvhtp09lQYSdCmSD58s=
-39,12,6U7kaRbjfMLxHklI0jSGq4TFlQo=,N1CskRU6qvhtp09lQYSdCmSD58s=
-35,12,6U7kaRbjfMLxHklI0jSGq4TFlQo=,N1CskRU6qvhtp09lQYSdCmSD58s=
-36,12,6U7kaRbjfMLxHklI0jSGq4TFlQo=,N1CskRU6qvhtp09lQYSdCmSD58s=
-34,12,6U7kaRbjfMLxHklI0jSGq4TFlQo=,N1CskRU6qvhtp09lQYSdCmSD58s=
-33,12,6U7kaRbjfMLxHklI0jSGq4TFlQo=,N1CskRU6qvhtp09lQYSdCmSD58s=
-37,12,6U7kaRbjfMLxHklI0jSGq4TFlQo=,N1CskRU6qvhtp09lQYSdCmSD58s=
-48,13,GeGricqjtw8szVxEqGmSotQ+y6c=,N1CskRU6qvhtp09lQYSdCmSD58s=
-46,1,GeGricqjtw8szVxEqGmSotQ+y6c=,N1CskRU6qvhtp09lQYSdCmSD58s=
-47,13,GeGricqjtw8szVxEqGmSotQ+y6c=,N1CskRU6qvhtp09lQYSdCmSD58s=
-46,13,GeGricqjtw8szVxEqGmSotQ+y6c=,N1CskRU6qvhtp09lQYSdCmSD58s=
-43,13,GeGricqjtw8szVxEqGmSotQ+y6c=,N1CskRU6qvhtp09lQYSdCmSD58s=
-44,13,PvMPBsWarXm1hfXWYbNw0czk4oA=,N1CskRU6qvhtp09lQYSdCmSD58s=
-41,13,PvMPBsWarXm1hfXWYbNw0czk4oA=,N1CskRU6qvhtp09lQYSdCmSD58s=
-42,13,PvMPBsWarXm1hfXWYbNw0czk4oA=,N1CskRU6qvhtp09lQYSdCmSD58s=
-38,13,PvMPBsWarXm1hfXWYbNw0czk4oA=,N1CskRU6qvhtp09lQYSdCmSD58s=
-36,13,PvMPBsWarXm1hfXWYbNw0czk4oA=,N1CskRU6qvhtp09lQYSdCmSD58s=
-35,13,PvMPBsWarXm1hfXWYbNw0czk4oA=,N1CskRU6qvhtp09lQYSdCmSD58s=
-34,13,PvMPBsWarXm1hfXWYbNw0czk4oA=,N1CskRU6qvhtp09lQYSdCmSD58s=
-33,13,PvMPBsWarXm1hfXWYbNw0czk4oA=,N1CskRU6qvhtp09lQYSdCmSD58s=
-40,13,PvMPBsWarXm1hfXWYbNw0czk4oA=,N1CskRU6qvhtp09lQYSdCmSD58s=
-37,13,PvMPBsWarXm1hfXWYbNw0czk4oA=,N1CskRU6qvhtp09lQYSdCmSD58s=
-39,13,PvMPBsWarXm1hfXWYbNw0czk4oA=,N1CskRU6qvhtp09lQYSdCmSD58s=
-47,14,PvMPBsWarXm1hfXWYbNw0czk4oA=,N1CskRU6qvhtp09lQYSdCmSD58s=
-46,14,PvMPBsWarXm1hfXWYbNw0czk4oA=,N1CskRU6qvhtp09lQYSdCmSD58s=
-45,1,z1j5LPX53sujSb7aiWF2jhjNsns=,N1CskRU6qvhtp09lQYSdCmSD58s=
-44,14,z1j5LPX53sujSb7aiWF2jhjNsns=,N1CskRU6qvhtp09lQYSdCmSD58s=
-45,14,z1j5LPX53sujSb7aiWF2jhjNsns=,N1CskRU6qvhtp09lQYSdCmSD58s=
-43,14,z1j5LPX53sujSb7aiWF2jhjNsns=,N1CskRU6qvhtp09lQYSdCmSD58s=
-41,14,z1j5LPX53sujSb7aiWF2jhjNsns=,N1CskRU6qvhtp09lQYSdCmSD58s=
-42,14,z1j5LPX53sujSb7aiWF2jhjNsns=,N1CskRU6qvhtp09lQYSdCmSD58s=
-37,14,z1j5LPX53sujSb7aiWF2jhjNsns=,N1CskRU6qvhtp09lQYSdCmSD58s=
-36,14,z1j5LPX53sujSb7aiWF2jhjNsns=,N1CskRU6qvhtp09lQYSdCmSD58s=
-35,14,z1j5LPX53sujSb7aiWF2jhjNsns=,N1CskRU6qvhtp09lQYSdCmSD58s=
-34,14,z1j5LPX53sujSb7aiWF2jhjNsns=,N1CskRU6qvhtp09lQYSdCmSD58s=
-40,14,z1j5LPX53sujSb7aiWF2jhjNsns=,N1CskRU6qvhtp09lQYSdCmSD58s=
-33,14,z1j5LPX53sujSb7aiWF2jhjNsns=,N1CskRU6qvhtp09lQYSdCmSD58s=
-45,2,x96KDR6lucgbJRzw1HQ9gmlUOf4=,N1CskRU6qvhtp09lQYSdCmSD58s=
-47,15,x96KDR6lucgbJRzw1HQ9gmlUOf4=,N1CskRU6qvhtp09lQYSdCmSD58s=
-46,15,x96KDR6lucgbJRzw1HQ9gmlUOf4=,N1CskRU6qvhtp09lQYSdCmSD58s=
-45,15,x96KDR6lucgbJRzw1HQ9gmlUOf4=,N1CskRU6qvhtp09lQYSdCmSD58s=
-44,0,x96KDR6lucgbJRzw1HQ9gmlUOf4=,N1CskRU6qvhtp09lQYSdCmSD58s=
-44,15,x96KDR6lucgbJRzw1HQ9gmlUOf4=,N1CskRU6qvhtp09lQYSdCmSD58s=
-43,15,D9BeCFAaYLGzb+P6e+62hF6pR4c=,N1CskRU6qvhtp09lQYSdCmSD58s=
-42,15,D9BeCFAaYLGzb+P6e+62hF6pR4c=,N1CskRU6qvhtp09lQYSdCmSD58s=
-40,15,D9BeCFAaYLGzb+P6e+62hF6pR4c=,N1CskRU6qvhtp09lQYSdCmSD58s=
-38,15,D9BeCFAaYLGzb+P6e+62hF6pR4c=,N1CskRU6qvhtp09lQYSdCmSD58s=
-36,15,D9BeCFAaYLGzb+P6e+62hF6pR4c=,N1CskRU6qvhtp09lQYSdCmSD58s=
-39,15,D9BeCFAaYLGzb+P6e+62hF6pR4c=,N1CskRU6qvhtp09lQYSdCmSD58s=
-41,15,D9BeCFAaYLGzb+P6e+62hF6pR4c=,N1CskRU6qvhtp09lQYSdCmSD58s=
-34,15,D9BeCFAaYLGzb+P6e+62hF6pR4c=,N1CskRU6qvhtp09lQYSdCmSD58s=
-37,15,h3UxDua77pltYQHZ8zS2WvjaEyQ=,N1CskRU6qvhtp09lQYSdCmSD58s=
-44,2,h3UxDua77pltYQHZ8zS2WvjaEyQ=,N1CskRU6qvhtp09lQYSdCmSD58s=
-46,3,h3UxDua77pltYQHZ8zS2WvjaEyQ=,N1CskRU6qvhtp09lQYSdCmSD58s=
-42,0,tkCnxQtTZP0smv9nREDDmqsHigc=,N1CskRU6qvhtp09lQYSdCmSD58s=
-46,4,h3UxDua77pltYQHZ8zS2WvjaEyQ=,N1CskRU6qvhtp09lQYSdCmSD58s=
-39,4,2ZIvFv13FmDe7a44tepPb6pBZMI=,N1CskRU6qvhtp09lQYSdCmSD58s=
-40,2,AS25Lh4E8q20MR0CJuvTR+VZZkE=,N1CskRU6qvhtp09lQYSdCmSD58s=
-40,5,H7e69K8Z5RV0PnO7Y8qczBai10g=,N1CskRU6qvhtp09lQYSdCmSD58s=
-37,4,h3UxDua77pltYQHZ8zS2WvjaEyQ=,N1CskRU6qvhtp09lQYSdCmSD58s=
-40,0,erN9/+VuD2Wq8yeR/v4WtY2XYu8=,N1CskRU6qvhtp09lQYSdCmSD58s=
-40,6,GQfgi+3XNkd61tW4bUybZcHOtl0=,N1CskRU6qvhtp09lQYSdCmSD58s=
-39,6,JOH2QtEPtcxd293ZL99gexWFLLA=,N1CskRU6qvhtp09lQYSdCmSD58s=
-37,5,erN9/+VuD2Wq8yeR/v4WtY2XYu8=,N1CskRU6qvhtp09lQYSdCmSD58s=
-39,0,eUI3JaWTihsFMJH3GETlGJ0swC8=,N1CskRU6qvhtp09lQYSdCmSD58s=
-38,7,F3OKOZk1lZtxrrCg7hr1KKvqFQU=,N1CskRU6qvhtp09lQYSdCmSD58s=
-46,5,erN9/+VuD2Wq8yeR/v4WtY2XYu8=,N1CskRU6qvhtp09lQYSdCmSD58s=
-37,2,4DTUdVvQUrroCC1iZLIIQxT6/h8=,N1CskRU6qvhtp09lQYSdCmSD58s=
-46,8,4DTUdVvQUrroCC1iZLIIQxT6/h8=,N1CskRU6qvhtp09lQYSdCmSD58s=
-46,6,erN9/+VuD2Wq8yeR/v4WtY2XYu8=,N1CskRU6qvhtp09lQYSdCmSD58s=
-37,8,TE1i4NMZS9dkZDLRLNr10xODhrI=,N1CskRU6qvhtp09lQYSdCmSD58s=
-36,7,erN9/+VuD2Wq8yeR/v4WtY2XYu8=,N1CskRU6qvhtp09lQYSdCmSD58s=
-36,8,erN9/+VuD2Wq8yeR/v4WtY2XYu8=,N1CskRU6qvhtp09lQYSdCmSD58s=
-39,9,RxMnT6si49B3SbD+4FpxaalRaSU=,N1CskRU6qvhtp09lQYSdCmSD58s=
-38,9,RxMnT6si49B3SbD+4FpxaalRaSU=,N1CskRU6qvhtp09lQYSdCmSD58s=
-45,9,EN4Cl56du6gFhsWFXbA5P8CFJB8=,N1CskRU6qvhtp09lQYSdCmSD58s=
-46,10,9NhPlWipuaJAw/q2dGEhDByfzak=,N1CskRU6qvhtp09lQYSdCmSD58s=
-43,10,EN4Cl56du6gFhsWFXbA5P8CFJB8=,N1CskRU6qvhtp09lQYSdCmSD58s=
-35,1,EN4Cl56du6gFhsWFXbA5P8CFJB8=,N1CskRU6qvhtp09lQYSdCmSD58s=
-46,11,or5r+hplUk4lHA3pQlqHjMGN8JY=,N1CskRU6qvhtp09lQYSdCmSD58s=
-34,10,EN4Cl56du6gFhsWFXbA5P8CFJB8=,N1CskRU6qvhtp09lQYSdCmSD58s=
-37,11,pNrEvFIG87RnkS39FO5OwyN7rLI=,N1CskRU6qvhtp09lQYSdCmSD58s=
-33,11,pNrEvFIG87RnkS39FO5OwyN7rLI=,N1CskRU6qvhtp09lQYSdCmSD58s=
-48,12,d4gqrjmOBXETwDRIdFjDHH5TDCA=,N1CskRU6qvhtp09lQYSdCmSD58s=
-46,0,m/o4yybdLB/A/amaYW9yscx+6yM=,N1CskRU6qvhtp09lQYSdCmSD58s=
-40,12,wPwV3KOW+0UA2IvaiPJhMEq7pZY=,N1CskRU6qvhtp09lQYSdCmSD58s=
-43,12,wPwV3KOW+0UA2IvaiPJhMEq7pZY=,N1CskRU6qvhtp09lQYSdCmSD58s=
-47,2,GeGricqjtw8szVxEqGmSotQ+y6c=,N1CskRU6qvhtp09lQYSdCmSD58s=
-43,11,d4gqrjmOBXETwDRIdFjDHH5TDCA=,N1CskRU6qvhtp09lQYSdCmSD58s=
-46,2,d4gqrjmOBXETwDRIdFjDHH5TDCA=,N1CskRU6qvhtp09lQYSdCmSD58s=
-45,13,d4gqrjmOBXETwDRIdFjDHH5TDCA=,N1CskRU6qvhtp09lQYSdCmSD58s=
-48,15,x96KDR6lucgbJRzw1HQ9gmlUOf4=,N1CskRU6qvhtp09lQYSdCmSD58s=
-47,3,x96KDR6lucgbJRzw1HQ9gmlUOf4=,N1CskRU6qvhtp09lQYSdCmSD58s=
-33,15,D9BeCFAaYLGzb+P6e+62hF6pR4c=,N1CskRU6qvhtp09lQYSdCmSD58s=
-35,15,D9BeCFAaYLGzb+P6e+62hF6pR4c=,N1CskRU6qvhtp09lQYSdCmSD58s=
-46,7,erN9/+VuD2Wq8yeR/v4WtY2XYu8=,N1CskRU6qvhtp09lQYSdCmSD58s=
-46,9,EN4Cl56du6gFhsWFXbA5P8CFJB8=,N1CskRU6qvhtp09lQYSdCmSD58s=
-39,14,d4gqrjmOBXETwDRIdFjDHH5TDCA=,N1CskRU6qvhtp09lQYSdCmSD58s=
-48,14,d4gqrjmOBXETwDRIdFjDHH5TDCA=,N1CskRU6qvhtp09lQYSdCmSD58s=
-38,14,d4gqrjmOBXETwDRIdFjDHH5TDCA=,N1CskRU6qvhtp09lQYSdCmSD58s=
