-107,-46,s+WYHYfyf91/ipvhW7Q7mjfQMC8=,8lZ7v/kKIdGgIoL878d2YC7/DTc=
-102,-45,s+WYHYfyf91/ipvhW7Q7mjfQMC8=,8lZ7v/kKIdGgIoL878d2YC7/DTc=
-109,-48,s+WYHYfyf91/ipvhW7Q7mjfQMC8=,8lZ7v/kKIdGgIoL878d2YC7/DTc=
-101,-45,s+WYHYfyf91/ipvhW7Q7mjfQMC8=,8lZ7v/kKIdGgIoL878d2YC7/DTc=
-108,-45,s+WYHYfyf91/ipvhW7Q7mjfQMC8=,8lZ7v/kKIdGgIoL878d2YC7/DTc=
-100,-45,s+WYHYfyf91/ipvhW7Q7mjfQMC8=,8lZ7v/kKIdGgIoL878d2YC7/DTc=
-99,-45,s+WYHYfyf91/ipvhW7Q7mjfQMC8=,8lZ7v/kKIdGgIoL878d2YC7/DTc=
-98,-45,s+WYHYfyf91/ipvhW7Q7mjfQMC8=,8lZ7v/kKIdGgIoL878d2YC7/DTc=
-107,-45,s+WYHYfyf91/ipvhW7Q7mjfQMC8=,8lZ7v/kKIdGgIoL878d2YC7/DTc=
-106,-47,s+WYHYfyf91/ipvhW7Q7mjfQMC8=,8lZ7v/kKIdGgIoL878d2YC7/DTc=
-103,-45,s+WYHYfyf91/ipvhW7Q7mjfQMC8=,8lZ7v/kKIdGgIoL878d2YC7/DTc=
-97,-45,s+WYHYfyf91/ipvhW7Q7mjfQMC8=,8lZ7v/kKIdGgIoL878d2YC7/DTc=
-112,-44,s+WYHYfyf91/ipvhW7Q7mjfQMC8=,8lZ7v/kKIdGgIoL878d2YC7/DTc=
-105,-46,s+WYHYfyf91/ipvhW7Q7mjfQMC8=,8lZ7v/kKIdGgIoL878d2YC7/DTc=
-109,-45,s+WYHYfyf91/ipvhW7Q7mjfQMC8=,8lZ7v/kKIdGgIoL878d2YC7/DTc=
-107,-47,s+WYHYfyf91/ipvhW7Q7mjfQMC8=,8lZ7v/kKIdGgIoL878d2YC7/DTc=
-108,-47,s+WYHYfyf91/ipvhW7Q7mjfQMC8=,8lZ7v/kKIdGgIoL878d2YC7/DTc=
-107,-48,s+WYHYfyf91/ipvhW7Q7mjfQMC8=,8lZ7v/kKIdGgIoL878d2YC7/DTc=
-110,-45,s+WYHYfyf91/ipvhW7Q7mjfQMC8=,8lZ7v/kKIdGgIoL878d2YC7/DTc=
-111,-48,s+WYHYfyf91/ipvhW7Q7mjfQMC8=,8lZ7v/kKIdGgIoL878d2YC7/DTc=
-108,-46,s+WYHYfyf91/ipvhW7Q7mjfQMC8=,8lZ7v/kKIdGgIoL878d2YC7/DTc=
-106,-45,s+WYHYfyf91/ipvhW7Q7mjfQMC8=,8lZ7v/kKIdGgIoL878d2YC7/DTc=
-97,-33,s+WYHYfyf91/ipvhW7Q7mjfQMC8=,8lZ7v/kKIdGgIoL878d2YC7/DTc=
-104,-45,xbYaQxKfp4U+T3KZ/YVCRwx6bh0=,8lZ7v/kKIdGgIoL878d2YC7/DTc=
-106,-48,xbYaQxKfp4U+T3KZ/YVCRwx6bh0=,8lZ7v/kKIdGgIoL878d2YC7/DTc=
-111,-44,xbYaQxKfp4U+T3KZ/YVCRwx6bh0=,8lZ7v/kKIdGgIoL878d2YC7/DTc=
-110,-44,xbYaQxKfp4U+T3KZ/YVCRwx6bh0=,8lZ7v/kKIdGgIoL878d2YC7/DTc=
-109,-44,xbYaQxKfp4U+T3KZ/YVCRwx6bh0=,8lZ7v/kKIdGgIoL878d2YC7/DTc=
-108,-44,xbYaQxKfp4U+T3KZ/YVCRwx6bh0=,8lZ7v/kKIdGgIoL878d2YC7/DTc=
-106,-46,s+WYHYfyf91/ipvhW7Q7mjfQMC8=,8lZ7v/kKIdGgIoL878d2YC7/DTc=
-98,-33,xbYaQxKfp4U+T3KZ/YVCRwx6bh0=,8lZ7v/kKIdGgIoL878d2YC7/DTc=
-99,-33,xbYaQxKfp4U+T3KZ/YVCRwx6bh0=,8lZ7v/kKIdGgIoL878d2YC7/DTc=
-100,-33,xbYaQxKfp4U+T3KZ/YVCRwx6bh0=,8lZ7v/kKIdGgIoL878d2YC7/DTc=
-101,-33,xbYaQxKfp4U+T3KZ/YVCRwx6bh0=,8lZ7v/kKIdGgIoL878d2YC7/DTc=
-105,-45,xbYaQxKfp4U+T3KZ/YVCRwx6bh0=,8lZ7v/kKIdGgIoL878d2YC7/DTc=
-103,-33,xbYaQxKfp4U+T3KZ/YVCRwx6bh0=,8lZ7v/kKIdGgIoL878d2YC7/DTc=
-102,-33,xbYaQxKfp4U+T3KZ/YVCRwx6bh0=,8lZ7v/kKIdGgIoL878d2YC7/DTc=
-107,-44,xbYaQxKfp4U+T3KZ/YVCRwx6bh0=,8lZ7v/kKIdGgIoL878d2YC7/DTc=
-105,-33,xbYaQxKfp4U+T3KZ/YVCRwx6bh0=,8lZ7v/kKIdGgIoL878d2YC7/DTc=
-107,-33,xbYaQxKfp4U+T3KZ/YVCRwx6bh0=,8lZ7v/kKIdGgIoL878d2YC7/DTc=
-108,-33,xbYaQxKfp4U+T3KZ/YVCRwx6bh0=,8lZ7v/kKIdGgIoL878d2YC7/DTc=
-109,-33,xbYaQxKfp4U+T3KZ/YVCRwx6bh0=,8lZ7v/kKIdGgIoL878d2YC7/DTc=
-110,-33,xbYaQxKfp4U+T3KZ/YVCRwx6bh0=,8lZ7v/kKIdGgIoL878d2YC7/DTc=
-106,-33,xbYaQxKfp4U+T3KZ/YVCRwx6bh0=,8lZ7v/kKIdGgIoL878d2YC7/DTc=
-111,-33,xbYaQxKfp4U+T3KZ/YVCRwx6bh0=,8lZ7v/kKIdGgIoL878d2YC7/DTc=
-111,-45,xbYaQxKfp4U+T3KZ/YVCRwx6bh0=,8lZ7v/kKIdGgIoL878d2YC7/DTc=
-112,-33,xbYaQxKfp4U+T3KZ/YVCRwx6bh0=,8lZ7v/kKIdGgIoL878d2YC7/DTc=
-109,-46,xbYaQxKfp4U+T3KZ/YVCRwx6bh0=,8lZ7v/kKIdGgIoL878d2YC7/DTc=
-97,-34,xbYaQxKfp4U+T3KZ/YVCRwx6bh0=,8lZ7v/kKIdGgIoL878d2YC7/DTc=
-98,-34,xbYaQxKfp4U+T3KZ/YVCRwx6bh0=,8lZ7v/kKIdGgIoL878d2YC7/DTc=
-99,-34,xbYaQxKfp4U+T3KZ/YVCRwx6bh0=,8lZ7v/kKIdGgIoL878d2YC7/DTc=
-100,-34,xbYaQxKfp4U+T3KZ/YVCRwx6bh0=,8lZ7v/kKIdGgIoL878d2YC7/DTc=
-101,-34,xbYaQxKfp4U+T3KZ/YVCRwx6bh0=,8lZ7v/kKIdGgIoL878d2YC7/DTc=
-102,-34,xbYaQxKfp4U+T3KZ/YVCRwx6bh0=,8lZ7v/kKIdGgIoL878d2YC7/DTc=
-103,-34,xbYaQxKfp4U+T3KZ/YVCRwx6bh0=,8lZ7v/kKIdGgIoL878d2YC7/DTc=
-108,-48,xbYaQxKfp4U+T3KZ/YVCRwx6bh0=,8lZ7v/kKIdGgIoL878d2YC7/DTc=
-105,-34,xbYaQxKfp4U+T3KZ/YVCRwx6bh0=,8lZ7v/kKIdGgIoL878d2YC7/DTc=
-104,-33,xbYaQxKfp4U+T3KZ/YVCRwx6bh0=,8lZ7v/kKIdGgIoL878d2YC7/DTc=
-106,-34,xbYaQxKfp4U+T3KZ/YVCRwx6bh0=,8lZ7v/kKIdGgIoL878d2YC7/DTc=
-107,-34,xbYaQxKfp4U+T3KZ/YVCRwx6bh0=,8lZ7v/kKIdGgIoL878d2YC7/DTc=
-108,-34,xbYaQxKfp4U+T3KZ/YVCRwx6bh0=,8lZ7v/kKIdGgIoL878d2YC7/DTc=
-109,-34,xbYaQxKfp4U+T3KZ/YVCRwx6bh0=,8lZ7v/kKIdGgIoL878d2YC7/DTc=
-111,-34,xbYaQxKfp4U+T3KZ/YVCRwx6bh0=,8lZ7v/kKIdGgIoL878d2YC7/DTc=
-110,-34,xbYaQxKfp4U+T3KZ/YVCRwx6bh0=,8lZ7v/kKIdGgIoL878d2YC7/DTc=
-106,-44,xbYaQxKfp4U+T3KZ/YVCRwx6bh0=,8lZ7v/kKIdGgIoL878d2YC7/DTc=
-105,-44,AHduWxGHPtjXJ/ohu/ueu7jtRMA=,8lZ7v/kKIdGgIoL878d2YC7/DTc=
-104,-44,AHduWxGHPtjXJ/ohu/ueu7jtRMA=,8lZ7v/kKIdGgIoL878d2YC7/DTc=
-103,-44,AHduWxGHPtjXJ/ohu/ueu7jtRMA=,8lZ7v/kKIdGgIoL878d2YC7/DTc=
-102,-44,AHduWxGHPtjXJ/ohu/ueu7jtRMA=,8lZ7v/kKIdGgIoL878d2YC7/DTc=
-109,-47,AHduWxGHPtjXJ/ohu/ueu7jtRMA=,8lZ7v/kKIdGgIoL878d2YC7/DTc=
-112,-34,AHduWxGHPtjXJ/ohu/ueu7jtRMA=,8lZ7v/kKIdGgIoL878d2YC7/DTc=
-101,-44,AHduWxGHPtjXJ/ohu/ueu7jtRMA=,8lZ7v/kKIdGgIoL878d2YC7/DTc=
-110,-46,AHduWxGHPtjXJ/ohu/ueu7jtRMA=,8lZ7v/kKIdGgIoL878d2YC7/DTc=
-100,-44,AHduWxGHPtjXJ/ohu/ueu7jtRMA=,8lZ7v/kKIdGgIoL878d2YC7/DTc=
-97,-35,AHduWxGHPtjXJ/ohu/ueu7jtRMA=,8lZ7v/kKIdGgIoL878d2YC7/DTc=
-99,-44,AHduWxGHPtjXJ/ohu/ueu7jtRMA=,8lZ7v/kKIdGgIoL878d2YC7/DTc=
-99,-35,AHduWxGHPtjXJ/ohu/ueu7jtRMA=,8lZ7v/kKIdGgIoL878d2YC7/DTc=
-100,-35,AHduWxGHPtjXJ/ohu/ueu7jtRMA=,8lZ7v/kKIdGgIoL878d2YC7/DTc=
-101,-35,AHduWxGHPtjXJ/ohu/ueu7jtRMA=,8lZ7v/kKIdGgIoL878d2YC7/DTc=
-102,-35,AHduWxGHPtjXJ/ohu/ueu7jtRMA=,8lZ7v/kKIdGgIoL878d2YC7/DTc=
-98,-44,AHduWxGHPtjXJ/ohu/ueu7jtRMA=,8lZ7v/kKIdGgIoL878d2YC7/DTc=
-98,-35,AHduWxGHPtjXJ/ohu/ueu7jtRMA=,8lZ7v/kKIdGgIoL878d2YC7/DTc=
-105,-47,AHduWxGHPtjXJ/ohu/ueu7jtRMA=,8lZ7v/kKIdGgIoL878d2YC7/DTc=
-97,-44,AHduWxGHPtjXJ/ohu/ueu7jtRMA=,8lZ7v/kKIdGgIoL878d2YC7/DTc=
-104,-34,AHduWxGHPtjXJ/ohu/ueu7jtRMA=,8lZ7v/kKIdGgIoL878d2YC7/DTc=
-103,-35,AHduWxGHPtjXJ/ohu/ueu7jtRMA=,8lZ7v/kKIdGgIoL878d2YC7/DTc=
-105,-48,AHduWxGHPtjXJ/ohu/ueu7jtRMA=,8lZ7v/kKIdGgIoL878d2YC7/DTc=
-112,-43,AHduWxGHPtjXJ/ohu/ueu7jtRMA=,8lZ7v/kKIdGgIoL878d2YC7/DTc=
-104,-35,AHduWxGHPtjXJ/ohu/ueu7jtRMA=,8lZ7v/kKIdGgIoL878d2YC7/DTc=
-111,-43,AHduWxGHPtjXJ/ohu/ueu7jtRMA=,8lZ7v/kKIdGgIoL878d2YC7/DTc=
-110,-43,AHduWxGHPtjXJ/ohu/ueu7jtRMA=,8lZ7v/kKIdGgIoL878d2YC7/DTc=
-109,-43,AHduWxGHPtjXJ/ohu/ueu7jtRMA=,8lZ7v/kKIdGgIoL878d2YC7/DTc=
-108,-43,AHduWxGHPtjXJ/ohu/ueu7jtRMA=,8lZ7v/kKIdGgIoL878d2YC7/DTc=
-107,-43,AHduWxGHPtjXJ/ohu/ueu7jtRMA=,8lZ7v/kKIdGgIoL878d2YC7/DTc=
-105,-43,z6MI2O5MRieIslIHhmTWO4PW/iQ=,8lZ7v/kKIdGgIoL878d2YC7/DTc=
-104,-46,z6MI2O5MRieIslIHhmTWO4PW/iQ=,8lZ7v/kKIdGgIoL878d2YC7/DTc=
-102,-43,z6MI2O5MRieIslIHhmTWO4PW/iQ=,8lZ7v/kKIdGgIoL878d2YC7/DTc=
-106,-43,z6MI2O5MRieIslIHhmTWO4PW/iQ=,8lZ7v/kKIdGgIoL878d2YC7/DTc=
-100,-43,z6MI2O5MRieIslIHhmTWO4PW/iQ=,8lZ7v/kKIdGgIoL878d2YC7/DTc=
-104,-43,z6MI2O5MRieIslIHhmTWO4PW/iQ=,8lZ7v/kKIdGgIoL878d2YC7/DTc=
-98,-43,z6MI2O5MRieIslIHhmTWO4PW/iQ=,8lZ7v/kKIdGgIoL878d2YC7/DTc=
-104,-47,z6MI2O5MRieIslIHhmTWO4PW/iQ=,8lZ7v/kKIdGgIoL878d2YC7/DTc=
-97,-43,z6MI2O5MRieIslIHhmTWO4PW/iQ=,8lZ7v/kKIdGgIoL878d2YC7/DTc=
-112,-42,z6MI2O5MRieIslIHhmTWO4PW/iQ=,8lZ7v/kKIdGgIoL878d2YC7/DTc=
-104,-48,z6MI2O5MRieIslIHhmTWO4PW/iQ=,8lZ7v/kKIdGgIoL878d2YC7/DTc=
-103,-46,z6MI2O5MRieIslIHhmTWO4PW/iQ=,8lZ7v/kKIdGgIoL878d2YC7/DTc=
-111,-42,z6MI2O5MRieIslIHhmTWO4PW/iQ=,8lZ7v/kKIdGgIoL878d2YC7/DTc=
-110,-42,z6MI2O5MRieIslIHhmTWO4PW/iQ=,8lZ7v/kKIdGgIoL878d2YC7/DTc=
-109,-42,z6MI2O5MRieIslIHhmTWO4PW/iQ=,8lZ7v/kKIdGgIoL878d2YC7/DTc=
-108,-42,z6MI2O5MRieIslIHhmTWO4PW/iQ=,8lZ7v/kKIdGgIoL878d2YC7/DTc=
-101,-43,z6MI2O5MRieIslIHhmTWO4PW/iQ=,8lZ7v/kKIdGgIoL878d2YC7/DTc=
-107,-42,54Tv38QOkIenqdePJcdQiFdGM1Q=,8lZ7v/kKIdGgIoL878d2YC7/DTc=
-104,-42,54Tv38QOkIenqdePJcdQiFdGM1Q=,8lZ7v/kKIdGgIoL878d2YC7/DTc=
-105,-42,54Tv38QOkIenqdePJcdQiFdGM1Q=,8lZ7v/kKIdGgIoL878d2YC7/DTc=
-102,-42,54Tv38QOkIenqdePJcdQiFdGM1Q=,8lZ7v/kKIdGgIoL878d2YC7/DTc=
-106,-42,54Tv38QOkIenqdePJcdQiFdGM1Q=,8lZ7v/kKIdGgIoL878d2YC7/DTc=
-103,-42,54Tv38QOkIenqdePJcdQiFdGM1Q=,8lZ7v/kKIdGgIoL878d2YC7/DTc=
-99,-42,EmVGjaDOisc7um6fM8Pntp7qQRk=,8lZ7v/kKIdGgIoL878d2YC7/DTc=
-103,-47,EmVGjaDOisc7um6fM8Pntp7qQRk=,8lZ7v/kKIdGgIoL878d2YC7/DTc=
-100,-42,EmVGjaDOisc7um6fM8Pntp7qQRk=,8lZ7v/kKIdGgIoL878d2YC7/DTc=
-112,-41,EmVGjaDOisc7um6fM8Pntp7qQRk=,8lZ7v/kKIdGgIoL878d2YC7/DTc=
-102,-46,EmVGjaDOisc7um6fM8Pntp7qQRk=,8lZ7v/kKIdGgIoL878d2YC7/DTc=
-97,-42,EmVGjaDOisc7um6fM8Pntp7qQRk=,8lZ7v/kKIdGgIoL878d2YC7/DTc=
-111,-41,EmVGjaDOisc7um6fM8Pntp7qQRk=,8lZ7v/kKIdGgIoL878d2YC7/DTc=
-110,-41,EmVGjaDOisc7um6fM8Pntp7qQRk=,8lZ7v/kKIdGgIoL878d2YC7/DTc=
-109,-41,EmVGjaDOisc7um6fM8Pntp7qQRk=,8lZ7v/kKIdGgIoL878d2YC7/DTc=
-108,-41,EmVGjaDOisc7um6fM8Pntp7qQRk=,8lZ7v/kKIdGgIoL878d2YC7/DTc=
-103,-48,EmVGjaDOisc7um6fM8Pntp7qQRk=,8lZ7v/kKIdGgIoL878d2YC7/DTc=
-107,-41,EmVGjaDOisc7um6fM8Pntp7qQRk=,8lZ7v/kKIdGgIoL878d2YC7/DTc=
-103,-41,EmVGjaDOisc7um6fM8Pntp7qQRk=,8lZ7v/kKIdGgIoL878d2YC7/DTc=
-106,-41,EmVGjaDOisc7um6fM8Pntp7qQRk=,8lZ7v/kKIdGgIoL878d2YC7/DTc=
-105,-41,EmVGjaDOisc7um6fM8Pntp7qQRk=,8lZ7v/kKIdGgIoL878d2YC7/DTc=
-104,-41,EmVGjaDOisc7um6fM8Pntp7qQRk=,8lZ7v/kKIdGgIoL878d2YC7/DTc=
-101,-41,282ZuJStXMSyIXdYyAZj7ahSo0Y=,8lZ7v/kKIdGgIoL878d2YC7/DTc=
-98,-41,282ZuJStXMSyIXdYyAZj7ahSo0Y=,8lZ7v/kKIdGgIoL878d2YC7/DTc=
-100,-41,282ZuJStXMSyIXdYyAZj7ahSo0Y=,8lZ7v/kKIdGgIoL878d2YC7/DTc=
-102,-47,282ZuJStXMSyIXdYyAZj7ahSo0Y=,8lZ7v/kKIdGgIoL878d2YC7/DTc=
-112,-40,282ZuJStXMSyIXdYyAZj7ahSo0Y=,8lZ7v/kKIdGgIoL878d2YC7/DTc=
-101,-46,282ZuJStXMSyIXdYyAZj7ahSo0Y=,8lZ7v/kKIdGgIoL878d2YC7/DTc=
-102,-48,282ZuJStXMSyIXdYyAZj7ahSo0Y=,8lZ7v/kKIdGgIoL878d2YC7/DTc=
-111,-40,282ZuJStXMSyIXdYyAZj7ahSo0Y=,8lZ7v/kKIdGgIoL878d2YC7/DTc=
-110,-40,282ZuJStXMSyIXdYyAZj7ahSo0Y=,8lZ7v/kKIdGgIoL878d2YC7/DTc=
-109,-40,282ZuJStXMSyIXdYyAZj7ahSo0Y=,8lZ7v/kKIdGgIoL878d2YC7/DTc=
-108,-40,282ZuJStXMSyIXdYyAZj7ahSo0Y=,8lZ7v/kKIdGgIoL878d2YC7/DTc=
-107,-40,282ZuJStXMSyIXdYyAZj7ahSo0Y=,8lZ7v/kKIdGgIoL878d2YC7/DTc=
-97,-41,282ZuJStXMSyIXdYyAZj7ahSo0Y=,8lZ7v/kKIdGgIoL878d2YC7/DTc=
-105,-40,282ZuJStXMSyIXdYyAZj7ahSo0Y=,8lZ7v/kKIdGgIoL878d2YC7/DTc=
-106,-40,282ZuJStXMSyIXdYyAZj7ahSo0Y=,8lZ7v/kKIdGgIoL878d2YC7/DTc=
-112,-48,282ZuJStXMSyIXdYyAZj7ahSo0Y=,8lZ7v/kKIdGgIoL878d2YC7/DTc=
-101,-40,D/YxDkLz6AkGCK7ciSe6NQfHyZc=,8lZ7v/kKIdGgIoL878d2YC7/DTc=
-103,-40,D/YxDkLz6AkGCK7ciSe6NQfHyZc=,8lZ7v/kKIdGgIoL878d2YC7/DTc=
-99,-40,D/YxDkLz6AkGCK7ciSe6NQfHyZc=,8lZ7v/kKIdGgIoL878d2YC7/DTc=
-98,-40,D/YxDkLz6AkGCK7ciSe6NQfHyZc=,8lZ7v/kKIdGgIoL878d2YC7/DTc=
-97,-40,D/YxDkLz6AkGCK7ciSe6NQfHyZc=,8lZ7v/kKIdGgIoL878d2YC7/DTc=
-104,-40,D/YxDkLz6AkGCK7ciSe6NQfHyZc=,8lZ7v/kKIdGgIoL878d2YC7/DTc=
-100,-46,D/YxDkLz6AkGCK7ciSe6NQfHyZc=,8lZ7v/kKIdGgIoL878d2YC7/DTc=
-101,-48,D/YxDkLz6AkGCK7ciSe6NQfHyZc=,8lZ7v/kKIdGgIoL878d2YC7/DTc=
-112,-39,D/YxDkLz6AkGCK7ciSe6NQfHyZc=,8lZ7v/kKIdGgIoL878d2YC7/DTc=
-111,-39,D/YxDkLz6AkGCK7ciSe6NQfHyZc=,8lZ7v/kKIdGgIoL878d2YC7/DTc=
-110,-39,D/YxDkLz6AkGCK7ciSe6NQfHyZc=,8lZ7v/kKIdGgIoL878d2YC7/DTc=
-109,-39,D/YxDkLz6AkGCK7ciSe6NQfHyZc=,8lZ7v/kKIdGgIoL878d2YC7/DTc=
-102,-40,D/YxDkLz6AkGCK7ciSe6NQfHyZc=,8lZ7v/kKIdGgIoL878d2YC7/DTc=
-108,-39,D/YxDkLz6AkGCK7ciSe6NQfHyZc=,8lZ7v/kKIdGgIoL878d2YC7/DTc=
-106,-39,D/YxDkLz6AkGCK7ciSe6NQfHyZc=,8lZ7v/kKIdGgIoL878d2YC7/DTc=
-107,-39,D/YxDkLz6AkGCK7ciSe6NQfHyZc=,8lZ7v/kKIdGgIoL878d2YC7/DTc=
-105,-39,D/YxDkLz6AkGCK7ciSe6NQfHyZc=,8lZ7v/kKIdGgIoL878d2YC7/DTc=
-102,-39,D/YxDkLz6AkGCK7ciSe6NQfHyZc=,8lZ7v/kKIdGgIoL878d2YC7/DTc=
-101,-39,D/YxDkLz6AkGCK7ciSe6NQfHyZc=,8lZ7v/kKIdGgIoL878d2YC7/DTc=
-100,-39,D/YxDkLz6AkGCK7ciSe6NQfHyZc=,8lZ7v/kKIdGgIoL878d2YC7/DTc=
-99,-39,D/YxDkLz6AkGCK7ciSe6NQfHyZc=,8lZ7v/kKIdGgIoL878d2YC7/DTc=
-100,-47,D/YxDkLz6AkGCK7ciSe6NQfHyZc=,8lZ7v/kKIdGgIoL878d2YC7/DTc=
-97,-39,D/YxDkLz6AkGCK7ciSe6NQfHyZc=,8lZ7v/kKIdGgIoL878d2YC7/DTc=
-99,-46,D/YxDkLz6AkGCK7ciSe6NQfHyZc=,8lZ7v/kKIdGgIoL878d2YC7/DTc=
-100,-48,D/YxDkLz6AkGCK7ciSe6NQfHyZc=,8lZ7v/kKIdGgIoL878d2YC7/DTc=
-112,-38,D/YxDkLz6AkGCK7ciSe6NQfHyZc=,8lZ7v/kKIdGgIoL878d2YC7/DTc=
-111,-38,D/YxDkLz6AkGCK7ciSe6NQfHyZc=,8lZ7v/kKIdGgIoL878d2YC7/DTc=
-110,-38,D/YxDkLz6AkGCK7ciSe6NQfHyZc=,8lZ7v/kKIdGgIoL878d2YC7/DTc=
-109,-38,D/YxDkLz6AkGCK7ciSe6NQfHyZc=,8lZ7v/kKIdGgIoL878d2YC7/DTc=
-108,-38,lOKBcZr69TYs8JHcVCfXVaf+f0Q=,8lZ7v/kKIdGgIoL878d2YC7/DTc=
-107,-38,lOKBcZr69TYs8JHcVCfXVaf+f0Q=,8lZ7v/kKIdGgIoL878d2YC7/DTc=
-106,-38,lOKBcZr69TYs8JHcVCfXVaf+f0Q=,8lZ7v/kKIdGgIoL878d2YC7/DTc=
-98,-39,lOKBcZr69TYs8JHcVCfXVaf+f0Q=,8lZ7v/kKIdGgIoL878d2YC7/DTc=
-103,-39,lOKBcZr69TYs8JHcVCfXVaf+f0Q=,8lZ7v/kKIdGgIoL878d2YC7/DTc=
-103,-38,lOKBcZr69TYs8JHcVCfXVaf+f0Q=,8lZ7v/kKIdGgIoL878d2YC7/DTc=
-102,-38,lOKBcZr69TYs8JHcVCfXVaf+f0Q=,8lZ7v/kKIdGgIoL878d2YC7/DTc=
-101,-38,lOKBcZr69TYs8JHcVCfXVaf+f0Q=,8lZ7v/kKIdGgIoL878d2YC7/DTc=
-100,-38,lOKBcZr69TYs8JHcVCfXVaf+f0Q=,8lZ7v/kKIdGgIoL878d2YC7/DTc=
-99,-38,lOKBcZr69TYs8JHcVCfXVaf+f0Q=,8lZ7v/kKIdGgIoL878d2YC7/DTc=
-97,-38,lOKBcZr69TYs8JHcVCfXVaf+f0Q=,8lZ7v/kKIdGgIoL878d2YC7/DTc=
-98,-38,lOKBcZr69TYs8JHcVCfXVaf+f0Q=,8lZ7v/kKIdGgIoL878d2YC7/DTc=
-99,-47,lOKBcZr69TYs8JHcVCfXVaf+f0Q=,8lZ7v/kKIdGgIoL878d2YC7/DTc=
-99,-48,lOKBcZr69TYs8JHcVCfXVaf+f0Q=,8lZ7v/kKIdGgIoL878d2YC7/DTc=
-112,-37,lOKBcZr69TYs8JHcVCfXVaf+f0Q=,8lZ7v/kKIdGgIoL878d2YC7/DTc=
-111,-37,lOKBcZr69TYs8JHcVCfXVaf+f0Q=,8lZ7v/kKIdGgIoL878d2YC7/DTc=
-104,-38,lOKBcZr69TYs8JHcVCfXVaf+f0Q=,8lZ7v/kKIdGgIoL878d2YC7/DTc=
-109,-37,lOKBcZr69TYs8JHcVCfXVaf+f0Q=,8lZ7v/kKIdGgIoL878d2YC7/DTc=
-108,-37,lOKBcZr69TYs8JHcVCfXVaf+f0Q=,8lZ7v/kKIdGgIoL878d2YC7/DTc=
-106,-37,lOKBcZr69TYs8JHcVCfXVaf+f0Q=,8lZ7v/kKIdGgIoL878d2YC7/DTc=
-98,-46,lOKBcZr69TYs8JHcVCfXVaf+f0Q=,8lZ7v/kKIdGgIoL878d2YC7/DTc=
-110,-37,lOKBcZr69TYs8JHcVCfXVaf+f0Q=,8lZ7v/kKIdGgIoL878d2YC7/DTc=
-103,-37,lOKBcZr69TYs8JHcVCfXVaf+f0Q=,8lZ7v/kKIdGgIoL878d2YC7/DTc=
-107,-37,lOKBcZr69TYs8JHcVCfXVaf+f0Q=,8lZ7v/kKIdGgIoL878d2YC7/DTc=
-102,-37,lOKBcZr69TYs8JHcVCfXVaf+f0Q=,8lZ7v/kKIdGgIoL878d2YC7/DTc=
-101,-37,lOKBcZr69TYs8JHcVCfXVaf+f0Q=,8lZ7v/kKIdGgIoL878d2YC7/DTc=
-100,-37,lOKBcZr69TYs8JHcVCfXVaf+f0Q=,8lZ7v/kKIdGgIoL878d2YC7/DTc=
-99,-37,lOKBcZr69TYs8JHcVCfXVaf+f0Q=,8lZ7v/kKIdGgIoL878d2YC7/DTc=
-98,-37,lOKBcZr69TYs8JHcVCfXVaf+f0Q=,8lZ7v/kKIdGgIoL878d2YC7/DTc=
-98,-47,lOKBcZr69TYs8JHcVCfXVaf+f0Q=,8lZ7v/kKIdGgIoL878d2YC7/DTc=
-97,-47,lOKBcZr69TYs8JHcVCfXVaf+f0Q=,8lZ7v/kKIdGgIoL878d2YC7/DTc=
-98,-48,lOKBcZr69TYs8JHcVCfXVaf+f0Q=,8lZ7v/kKIdGgIoL878d2YC7/DTc=
-97,-46,lOKBcZr69TYs8JHcVCfXVaf+f0Q=,8lZ7v/kKIdGgIoL878d2YC7/DTc=
-105,-37,DK/uAIvfnTsJOhisA9TYw51iK6s=,8lZ7v/kKIdGgIoL878d2YC7/DTc=
-97,-48,DK/uAIvfnTsJOhisA9TYw51iK6s=,8lZ7v/kKIdGgIoL878d2YC7/DTc=
-110,-48,DK/uAIvfnTsJOhisA9TYw51iK6s=,8lZ7v/kKIdGgIoL878d2YC7/DTc=
-112,-45,DK/uAIvfnTsJOhisA9TYw51iK6s=,8lZ7v/kKIdGgIoL878d2YC7/DTc=
-112,-47,DK/uAIvfnTsJOhisA9TYw51iK6s=,8lZ7v/kKIdGgIoL878d2YC7/DTc=
-112,-36,DK/uAIvfnTsJOhisA9TYw51iK6s=,8lZ7v/kKIdGgIoL878d2YC7/DTc=
-111,-47,DK/uAIvfnTsJOhisA9TYw51iK6s=,8lZ7v/kKIdGgIoL878d2YC7/DTc=
-110,-36,DK/uAIvfnTsJOhisA9TYw51iK6s=,8lZ7v/kKIdGgIoL878d2YC7/DTc=
-109,-36,DK/uAIvfnTsJOhisA9TYw51iK6s=,8lZ7v/kKIdGgIoL878d2YC7/DTc=
-108,-36,DK/uAIvfnTsJOhisA9TYw51iK6s=,8lZ7v/kKIdGgIoL878d2YC7/DTc=
-107,-36,DK/uAIvfnTsJOhisA9TYw51iK6s=,8lZ7v/kKIdGgIoL878d2YC7/DTc=
-111,-36,DK/uAIvfnTsJOhisA9TYw51iK6s=,8lZ7v/kKIdGgIoL878d2YC7/DTc=
-106,-36,DK/uAIvfnTsJOhisA9TYw51iK6s=,8lZ7v/kKIdGgIoL878d2YC7/DTc=
-103,-36,DK/uAIvfnTsJOhisA9TYw51iK6s=,8lZ7v/kKIdGgIoL878d2YC7/DTc=
-102,-36,DK/uAIvfnTsJOhisA9TYw51iK6s=,8lZ7v/kKIdGgIoL878d2YC7/DTc=
-101,-36,DK/uAIvfnTsJOhisA9TYw51iK6s=,8lZ7v/kKIdGgIoL878d2YC7/DTc=
-100,-36,DK/uAIvfnTsJOhisA9TYw51iK6s=,8lZ7v/kKIdGgIoL878d2YC7/DTc=
-99,-36,DK/uAIvfnTsJOhisA9TYw51iK6s=,8lZ7v/kKIdGgIoL878d2YC7/DTc=
-98,-36,DK/uAIvfnTsJOhisA9TYw51iK6s=,8lZ7v/kKIdGgIoL878d2YC7/DTc=
-111,-46,DK/uAIvfnTsJOhisA9TYw51iK6s=,8lZ7v/kKIdGgIoL878d2YC7/DTc=
-97,-36,DK/uAIvfnTsJOhisA9TYw51iK6s=,8lZ7v/kKIdGgIoL878d2YC7/DTc=
-112,-35,DK/uAIvfnTsJOhisA9TYw51iK6s=,8lZ7v/kKIdGgIoL878d2YC7/DTc=
-110,-47,DK/uAIvfnTsJOhisA9TYw51iK6s=,8lZ7v/kKIdGgIoL878d2YC7/DTc=
-111,-35,DK/uAIvfnTsJOhisA9TYw51iK6s=,8lZ7v/kKIdGgIoL878d2YC7/DTc=
-110,-35,DK/uAIvfnTsJOhisA9TYw51iK6s=,8lZ7v/kKIdGgIoL878d2YC7/DTc=
-109,-35,DK/uAIvfnTsJOhisA9TYw51iK6s=,8lZ7v/kKIdGgIoL878d2YC7/DTc=
-108,-35,DK/uAIvfnTsJOhisA9TYw51iK6s=,8lZ7v/kKIdGgIoL878d2YC7/DTc=
-105,-36,DK/uAIvfnTsJOhisA9TYw51iK6s=,8lZ7v/kKIdGgIoL878d2YC7/DTc=
-107,-35,DK/uAIvfnTsJOhisA9TYw51iK6s=,8lZ7v/kKIdGgIoL878d2YC7/DTc=
-103,-43,z6MI2O5MRieIslIHhmTWO4PW/iQ=,8lZ7v/kKIdGgIoL878d2YC7/DTc=
-106,-35,DK/uAIvfnTsJOhisA9TYw51iK6s=,8lZ7v/kKIdGgIoL878d2YC7/DTc=
-101,-42,EmVGjaDOisc7um6fM8Pntp7qQRk=,8lZ7v/kKIdGgIoL878d2YC7/DTc=
-99,-43,DK/uAIvfnTsJOhisA9TYw51iK6s=,8lZ7v/kKIdGgIoL878d2YC7/DTc=
-102,-41,282ZuJStXMSyIXdYyAZj7ahSo0Y=,8lZ7v/kKIdGgIoL878d2YC7/DTc=
-101,-47,D/YxDkLz6AkGCK7ciSe6NQfHyZc=,8lZ7v/kKIdGgIoL878d2YC7/DTc=
-100,-40,D/YxDkLz6AkGCK7ciSe6NQfHyZc=,8lZ7v/kKIdGgIoL878d2YC7/DTc=
-105,-38,lOKBcZr69TYs8JHcVCfXVaf+f0Q=,8lZ7v/kKIdGgIoL878d2YC7/DTc=
-104,-39,lOKBcZr69TYs8JHcVCfXVaf+f0Q=,8lZ7v/kKIdGgIoL878d2YC7/DTc=
-97,-37,lOKBcZr69TYs8JHcVCfXVaf+f0Q=,8lZ7v/kKIdGgIoL878d2YC7/DTc=
-112,-46,lOKBcZr69TYs8JHcVCfXVaf+f0Q=,8lZ7v/kKIdGgIoL878d2YC7/DTc=
-98,-42,DK/uAIvfnTsJOhisA9TYw51iK6s=,8lZ7v/kKIdGgIoL878d2YC7/DTc=
-104,-37,DK/uAIvfnTsJOhisA9TYw51iK6s=,8lZ7v/kKIdGgIoL878d2YC7/DTc=
-104,-36,JVbmVEsmTKiTVzGph4twVSGgRDE=,8lZ7v/kKIdGgIoL878d2YC7/DTc=
-105,-35,JVbmVEsmTKiTVzGph4twVSGgRDE=,8lZ7v/kKIdGgIoL878d2YC7/DTc=
-99,-41,JVbmVEsmTKiTVzGph4twVSGgRDE=,8lZ7v/kKIdGgIoL878d2YC7/DTc=
-109,-64,JVbmVEsmTKiTVzGph4twVSGgRDE=,/KWtbbsCbQmmlargnxIW2NfNgrc=
-107,-64,JVbmVEsmTKiTVzGph4twVSGgRDE=,/KWtbbsCbQmmlargnxIW2NfNgrc=
-109,-61,JVbmVEsmTKiTVzGph4twVSGgRDE=,/KWtbbsCbQmmlargnxIW2NfNgrc=
-107,-63,JVbmVEsmTKiTVzGph4twVSGgRDE=,/KWtbbsCbQmmlargnxIW2NfNgrc=
-103,-61,JVbmVEsmTKiTVzGph4twVSGgRDE=,/KWtbbsCbQmmlargnxIW2NfNgrc=
-102,-61,JVbmVEsmTKiTVzGph4twVSGgRDE=,/KWtbbsCbQmmlargnxIW2NfNgrc=
-108,-61,JVbmVEsmTKiTVzGph4twVSGgRDE=,/KWtbbsCbQmmlargnxIW2NfNgrc=
-101,-61,JVbmVEsmTKiTVzGph4twVSGgRDE=,/KWtbbsCbQmmlargnxIW2NfNgrc=
-108,-63,JVbmVEsmTKiTVzGph4twVSGgRDE=,/KWtbbsCbQmmlargnxIW2NfNgrc=
-100,-61,JVbmVEsmTKiTVzGph4twVSGgRDE=,/KWtbbsCbQmmlargnxIW2NfNgrc=
-99,-61,JVbmVEsmTKiTVzGph4twVSGgRDE=,/KWtbbsCbQmmlargnxIW2NfNgrc=
-98,-61,JVbmVEsmTKiTVzGph4twVSGgRDE=,/KWtbbsCbQmmlargnxIW2NfNgrc=
-97,-61,JVbmVEsmTKiTVzGph4twVSGgRDE=,/KWtbbsCbQmmlargnxIW2NfNgrc=
-106,-63,AMq7q+rlQf4LP7YIHmT+5wQsi+U=,/KWtbbsCbQmmlargnxIW2NfNgrc=
-106,-64,AMq7q+rlQf4LP7YIHmT+5wQsi+U=,/KWtbbsCbQmmlargnxIW2NfNgrc=
-112,-60,AMq7q+rlQf4LP7YIHmT+5wQsi+U=,/KWtbbsCbQmmlargnxIW2NfNgrc=
-104,-61,AMq7q+rlQf4LP7YIHmT+5wQsi+U=,/KWtbbsCbQmmlargnxIW2NfNgrc=
-106,-61,AMq7q+rlQf4LP7YIHmT+5wQsi+U=,/KWtbbsCbQmmlargnxIW2NfNgrc=
-107,-61,AMq7q+rlQf4LP7YIHmT+5wQsi+U=,/KWtbbsCbQmmlargnxIW2NfNgrc=
-105,-61,AMq7q+rlQf4LP7YIHmT+5wQsi+U=,/KWtbbsCbQmmlargnxIW2NfNgrc=
-107,-62,AMq7q+rlQf4LP7YIHmT+5wQsi+U=,/KWtbbsCbQmmlargnxIW2NfNgrc=
-105,-62,AMq7q+rlQf4LP7YIHmT+5wQsi+U=,/KWtbbsCbQmmlargnxIW2NfNgrc=
-111,-60,AMq7q+rlQf4LP7YIHmT+5wQsi+U=,/KWtbbsCbQmmlargnxIW2NfNgrc=
-110,-60,AMq7q+rlQf4LP7YIHmT+5wQsi+U=,/KWtbbsCbQmmlargnxIW2NfNgrc=
-109,-60,AMq7q+rlQf4LP7YIHmT+5wQsi+U=,/KWtbbsCbQmmlargnxIW2NfNgrc=
-108,-60,AMq7q+rlQf4LP7YIHmT+5wQsi+U=,/KWtbbsCbQmmlargnxIW2NfNgrc=
-106,-62,dclW7kUY3V2/s2PhlhMuw2tsg/c=,/KWtbbsCbQmmlargnxIW2NfNgrc=
-107,-60,dclW7kUY3V2/s2PhlhMuw2tsg/c=,/KWtbbsCbQmmlargnxIW2NfNgrc=
-103,-60,dclW7kUY3V2/s2PhlhMuw2tsg/c=,/KWtbbsCbQmmlargnxIW2NfNgrc=
-106,-60,dclW7kUY3V2/s2PhlhMuw2tsg/c=,/KWtbbsCbQmmlargnxIW2NfNgrc=
-105,-60,dclW7kUY3V2/s2PhlhMuw2tsg/c=,/KWtbbsCbQmmlargnxIW2NfNgrc=
-100,-60,dclW7kUY3V2/s2PhlhMuw2tsg/c=,/KWtbbsCbQmmlargnxIW2NfNgrc=
-99,-60,dclW7kUY3V2/s2PhlhMuw2tsg/c=,/KWtbbsCbQmmlargnxIW2NfNgrc=
-98,-60,dclW7kUY3V2/s2PhlhMuw2tsg/c=,/KWtbbsCbQmmlargnxIW2NfNgrc=
-97,-60,dclW7kUY3V2/s2PhlhMuw2tsg/c=,/KWtbbsCbQmmlargnxIW2NfNgrc=
-105,-63,dclW7kUY3V2/s2PhlhMuw2tsg/c=,/KWtbbsCbQmmlargnxIW2NfNgrc=
-104,-60,dclW7kUY3V2/s2PhlhMuw2tsg/c=,/KWtbbsCbQmmlargnxIW2NfNgrc=
-105,-64,dclW7kUY3V2/s2PhlhMuw2tsg/c=,/KWtbbsCbQmmlargnxIW2NfNgrc=
-112,-59,dclW7kUY3V2/s2PhlhMuw2tsg/c=,/KWtbbsCbQmmlargnxIW2NfNgrc=
-111,-59,dclW7kUY3V2/s2PhlhMuw2tsg/c=,/KWtbbsCbQmmlargnxIW2NfNgrc=
-109,-59,dclW7kUY3V2/s2PhlhMuw2tsg/c=,/KWtbbsCbQmmlargnxIW2NfNgrc=
-108,-59,dclW7kUY3V2/s2PhlhMuw2tsg/c=,/KWtbbsCbQmmlargnxIW2NfNgrc=
-110,-59,dclW7kUY3V2/s2PhlhMuw2tsg/c=,/KWtbbsCbQmmlargnxIW2NfNgrc=
-104,-62,oX6oC16hB/+kM54BxSbx/H8pVqY=,/KWtbbsCbQmmlargnxIW2NfNgrc=
-105,-59,oX6oC16hB/+kM54BxSbx/H8pVqY=,/KWtbbsCbQmmlargnxIW2NfNgrc=
-106,-59,oX6oC16hB/+kM54BxSbx/H8pVqY=,/KWtbbsCbQmmlargnxIW2NfNgrc=
-102,-59,oX6oC16hB/+kM54BxSbx/H8pVqY=,/KWtbbsCbQmmlargnxIW2NfNgrc=
-104,-59,gZM//ZanFkE8l5lGP63tjx7fbQI=,/KWtbbsCbQmmlargnxIW2NfNgrc=
-100,-59,gZM//ZanFkE8l5lGP63tjx7fbQI=,/KWtbbsCbQmmlargnxIW2NfNgrc=
-99,-59,gZM//ZanFkE8l5lGP63tjx7fbQI=,/KWtbbsCbQmmlargnxIW2NfNgrc=
-98,-59,gZM//ZanFkE8l5lGP63tjx7fbQI=,/KWtbbsCbQmmlargnxIW2NfNgrc=
-97,-59,gZM//ZanFkE8l5lGP63tjx7fbQI=,/KWtbbsCbQmmlargnxIW2NfNgrc=
-104,-63,gZM//ZanFkE8l5lGP63tjx7fbQI=,/KWtbbsCbQmmlargnxIW2NfNgrc=
-104,-64,gZM//ZanFkE8l5lGP63tjx7fbQI=,/KWtbbsCbQmmlargnxIW2NfNgrc=
-103,-62,gZM//ZanFkE8l5lGP63tjx7fbQI=,/KWtbbsCbQmmlargnxIW2NfNgrc=
-112,-58,gZM//ZanFkE8l5lGP63tjx7fbQI=,/KWtbbsCbQmmlargnxIW2NfNgrc=
-111,-58,gZM//ZanFkE8l5lGP63tjx7fbQI=,/KWtbbsCbQmmlargnxIW2NfNgrc=
-109,-58,gZM//ZanFkE8l5lGP63tjx7fbQI=,/KWtbbsCbQmmlargnxIW2NfNgrc=
-110,-58,gZM//ZanFkE8l5lGP63tjx7fbQI=,/KWtbbsCbQmmlargnxIW2NfNgrc=
-108,-58,gZM//ZanFkE8l5lGP63tjx7fbQI=,/KWtbbsCbQmmlargnxIW2NfNgrc=
-105,-58,HjF4kNjd9oxyLIDMrFWLpmvsGDU=,/KWtbbsCbQmmlargnxIW2NfNgrc=
-106,-58,HjF4kNjd9oxyLIDMrFWLpmvsGDU=,/KWtbbsCbQmmlargnxIW2NfNgrc=
-102,-58,HjF4kNjd9oxyLIDMrFWLpmvsGDU=,/KWtbbsCbQmmlargnxIW2NfNgrc=
-101,-58,HjF4kNjd9oxyLIDMrFWLpmvsGDU=,/KWtbbsCbQmmlargnxIW2NfNgrc=
-100,-58,HjF4kNjd9oxyLIDMrFWLpmvsGDU=,/KWtbbsCbQmmlargnxIW2NfNgrc=
-99,-58,HjF4kNjd9oxyLIDMrFWLpmvsGDU=,/KWtbbsCbQmmlargnxIW2NfNgrc=
-97,-58,HjF4kNjd9oxyLIDMrFWLpmvsGDU=,/KWtbbsCbQmmlargnxIW2NfNgrc=
-103,-63,HjF4kNjd9oxyLIDMrFWLpmvsGDU=,/KWtbbsCbQmmlargnxIW2NfNgrc=
-104,-58,Ov0+MIlfOE6EOx0ONwgYpmGIWGM=,/KWtbbsCbQmmlargnxIW2NfNgrc=
-112,-57,Ov0+MIlfOE6EOx0ONwgYpmGIWGM=,/KWtbbsCbQmmlargnxIW2NfNgrc=
-102,-62,Ov0+MIlfOE6EOx0ONwgYpmGIWGM=,/KWtbbsCbQmmlargnxIW2NfNgrc=
-111,-57,Ov0+MIlfOE6EOx0ONwgYpmGIWGM=,/KWtbbsCbQmmlargnxIW2NfNgrc=
-110,-57,Ov0+MIlfOE6EOx0ONwgYpmGIWGM=,/KWtbbsCbQmmlargnxIW2NfNgrc=
-109,-57,Ov0+MIlfOE6EOx0ONwgYpmGIWGM=,/KWtbbsCbQmmlargnxIW2NfNgrc=
-108,-57,Ov0+MIlfOE6EOx0ONwgYpmGIWGM=,/KWtbbsCbQmmlargnxIW2NfNgrc=
-103,-58,Ov0+MIlfOE6EOx0ONwgYpmGIWGM=,/KWtbbsCbQmmlargnxIW2NfNgrc=
-107,-57,gYMtIy3B/hzneRXU3Z8BmCg1YvQ=,/KWtbbsCbQmmlargnxIW2NfNgrc=
-104,-57,gYMtIy3B/hzneRXU3Z8BmCg1YvQ=,/KWtbbsCbQmmlargnxIW2NfNgrc=
-102,-57,gYMtIy3B/hzneRXU3Z8BmCg1YvQ=,/KWtbbsCbQmmlargnxIW2NfNgrc=
-101,-57,gYMtIy3B/hzneRXU3Z8BmCg1YvQ=,/KWtbbsCbQmmlargnxIW2NfNgrc=
-105,-57,gYMtIy3B/hzneRXU3Z8BmCg1YvQ=,/KWtbbsCbQmmlargnxIW2NfNgrc=
-99,-57,gYMtIy3B/hzneRXU3Z8BmCg1YvQ=,/KWtbbsCbQmmlargnxIW2NfNgrc=
-98,-57,gYMtIy3B/hzneRXU3Z8BmCg1YvQ=,/KWtbbsCbQmmlargnxIW2NfNgrc=
-102,-63,gYMtIy3B/hzneRXU3Z8BmCg1YvQ=,/KWtbbsCbQmmlargnxIW2NfNgrc=
-97,-57,gYMtIy3B/hzneRXU3Z8BmCg1YvQ=,/KWtbbsCbQmmlargnxIW2NfNgrc=
-102,-64,gYMtIy3B/hzneRXU3Z8BmCg1YvQ=,/KWtbbsCbQmmlargnxIW2NfNgrc=
-101,-62,gYMtIy3B/hzneRXU3Z8BmCg1YvQ=,/KWtbbsCbQmmlargnxIW2NfNgrc=
-111,-56,gYMtIy3B/hzneRXU3Z8BmCg1YvQ=,/KWtbbsCbQmmlargnxIW2NfNgrc=
-110,-56,gYMtIy3B/hzneRXU3Z8BmCg1YvQ=,/KWtbbsCbQmmlargnxIW2NfNgrc=
-109,-56,gYMtIy3B/hzneRXU3Z8BmCg1YvQ=,/KWtbbsCbQmmlargnxIW2NfNgrc=
-108,-56,gYMtIy3B/hzneRXU3Z8BmCg1YvQ=,/KWtbbsCbQmmlargnxIW2NfNgrc=
-107,-56,gYMtIy3B/hzneRXU3Z8BmCg1YvQ=,/KWtbbsCbQmmlargnxIW2NfNgrc=
-112,-56,gYMtIy3B/hzneRXU3Z8BmCg1YvQ=,/KWtbbsCbQmmlargnxIW2NfNgrc=
-112,-64,gYMtIy3B/hzneRXU3Z8BmCg1YvQ=,/KWtbbsCbQmmlargnxIW2NfNgrc=
-103,-57,TLcOV21UVnlDDUzJI13fMhFMkpU=,/KWtbbsCbQmmlargnxIW2NfNgrc=
-103,-56,TLcOV21UVnlDDUzJI13fMhFMkpU=,/KWtbbsCbQmmlargnxIW2NfNgrc=
-102,-56,TLcOV21UVnlDDUzJI13fMhFMkpU=,/KWtbbsCbQmmlargnxIW2NfNgrc=
-101,-56,TLcOV21UVnlDDUzJI13fMhFMkpU=,/KWtbbsCbQmmlargnxIW2NfNgrc=
-106,-56,TLcOV21UVnlDDUzJI13fMhFMkpU=,/KWtbbsCbQmmlargnxIW2NfNgrc=
-99,-56,TLcOV21UVnlDDUzJI13fMhFMkpU=,/KWtbbsCbQmmlargnxIW2NfNgrc=
-98,-56,TLcOV21UVnlDDUzJI13fMhFMkpU=,/KWtbbsCbQmmlargnxIW2NfNgrc=
-105,-56,TLcOV21UVnlDDUzJI13fMhFMkpU=,/KWtbbsCbQmmlargnxIW2NfNgrc=
-101,-63,TLcOV21UVnlDDUzJI13fMhFMkpU=,/KWtbbsCbQmmlargnxIW2NfNgrc=
-112,-55,TLcOV21UVnlDDUzJI13fMhFMkpU=,/KWtbbsCbQmmlargnxIW2NfNgrc=
-100,-62,TLcOV21UVnlDDUzJI13fMhFMkpU=,/KWtbbsCbQmmlargnxIW2NfNgrc=
-97,-56,TLcOV21UVnlDDUzJI13fMhFMkpU=,/KWtbbsCbQmmlargnxIW2NfNgrc=
-111,-55,TLcOV21UVnlDDUzJI13fMhFMkpU=,/KWtbbsCbQmmlargnxIW2NfNgrc=
-101,-64,TLcOV21UVnlDDUzJI13fMhFMkpU=,/KWtbbsCbQmmlargnxIW2NfNgrc=
-110,-55,TLcOV21UVnlDDUzJI13fMhFMkpU=,/KWtbbsCbQmmlargnxIW2NfNgrc=
-108,-55,TLcOV21UVnlDDUzJI13fMhFMkpU=,/KWtbbsCbQmmlargnxIW2NfNgrc=
-107,-55,TLcOV21UVnlDDUzJI13fMhFMkpU=,/KWtbbsCbQmmlargnxIW2NfNgrc=
-109,-55,TLcOV21UVnlDDUzJI13fMhFMkpU=,/KWtbbsCbQmmlargnxIW2NfNgrc=
-104,-55,TLcOV21UVnlDDUzJI13fMhFMkpU=,/KWtbbsCbQmmlargnxIW2NfNgrc=
-102,-55,TLcOV21UVnlDDUzJI13fMhFMkpU=,/KWtbbsCbQmmlargnxIW2NfNgrc=
-101,-55,TLcOV21UVnlDDUzJI13fMhFMkpU=,/KWtbbsCbQmmlargnxIW2NfNgrc=
-100,-55,TLcOV21UVnlDDUzJI13fMhFMkpU=,/KWtbbsCbQmmlargnxIW2NfNgrc=
-99,-55,TLcOV21UVnlDDUzJI13fMhFMkpU=,/KWtbbsCbQmmlargnxIW2NfNgrc=
-98,-55,nmBju/embXO/sL2JDZEjX/PBpp4=,/KWtbbsCbQmmlargnxIW2NfNgrc=
-97,-55,nmBju/embXO/sL2JDZEjX/PBpp4=,/KWtbbsCbQmmlargnxIW2NfNgrc=
-103,-55,nmBju/embXO/sL2JDZEjX/PBpp4=,/KWtbbsCbQmmlargnxIW2NfNgrc=
-100,-63,nmBju/embXO/sL2JDZEjX/PBpp4=,/KWtbbsCbQmmlargnxIW2NfNgrc=
-105,-55,nmBju/embXO/sL2JDZEjX/PBpp4=,/KWtbbsCbQmmlargnxIW2NfNgrc=
-100,-64,nmBju/embXO/sL2JDZEjX/PBpp4=,/KWtbbsCbQmmlargnxIW2NfNgrc=
-111,-54,nmBju/embXO/sL2JDZEjX/PBpp4=,/KWtbbsCbQmmlargnxIW2NfNgrc=
-110,-54,nmBju/embXO/sL2JDZEjX/PBpp4=,/KWtbbsCbQmmlargnxIW2NfNgrc=
-109,-54,nmBju/embXO/sL2JDZEjX/PBpp4=,/KWtbbsCbQmmlargnxIW2NfNgrc=
-106,-55,nmBju/embXO/sL2JDZEjX/PBpp4=,/KWtbbsCbQmmlargnxIW2NfNgrc=
-107,-54,nmBju/embXO/sL2JDZEjX/PBpp4=,/KWtbbsCbQmmlargnxIW2NfNgrc=
-105,-54,nmBju/embXO/sL2JDZEjX/PBpp4=,/KWtbbsCbQmmlargnxIW2NfNgrc=
-104,-54,nmBju/embXO/sL2JDZEjX/PBpp4=,/KWtbbsCbQmmlargnxIW2NfNgrc=
-102,-54,fZ5c//a2NdL0roFrR1E9nF861qk=,/KWtbbsCbQmmlargnxIW2NfNgrc=
-101,-54,fZ5c//a2NdL0roFrR1E9nF861qk=,/KWtbbsCbQmmlargnxIW2NfNgrc=
-108,-54,fZ5c//a2NdL0roFrR1E9nF861qk=,/KWtbbsCbQmmlargnxIW2NfNgrc=
-99,-54,fZ5c//a2NdL0roFrR1E9nF861qk=,/KWtbbsCbQmmlargnxIW2NfNgrc=
-98,-54,fZ5c//a2NdL0roFrR1E9nF861qk=,/KWtbbsCbQmmlargnxIW2NfNgrc=
-99,-63,fZ5c//a2NdL0roFrR1E9nF861qk=,/KWtbbsCbQmmlargnxIW2NfNgrc=
-97,-54,fZ5c//a2NdL0roFrR1E9nF861qk=,/KWtbbsCbQmmlargnxIW2NfNgrc=
-98,-62,fZ5c//a2NdL0roFrR1E9nF861qk=,/KWtbbsCbQmmlargnxIW2NfNgrc=
-99,-64,fZ5c//a2NdL0roFrR1E9nF861qk=,/KWtbbsCbQmmlargnxIW2NfNgrc=
-112,-53,fZ5c//a2NdL0roFrR1E9nF861qk=,/KWtbbsCbQmmlargnxIW2NfNgrc=
-111,-53,fZ5c//a2NdL0roFrR1E9nF861qk=,/KWtbbsCbQmmlargnxIW2NfNgrc=
-110,-53,fZ5c//a2NdL0roFrR1E9nF861qk=,/KWtbbsCbQmmlargnxIW2NfNgrc=
-109,-53,fZ5c//a2NdL0roFrR1E9nF861qk=,/KWtbbsCbQmmlargnxIW2NfNgrc=
-106,-54,fZ5c//a2NdL0roFrR1E9nF861qk=,/KWtbbsCbQmmlargnxIW2NfNgrc=
-107,-53,fZ5c//a2NdL0roFrR1E9nF861qk=,/KWtbbsCbQmmlargnxIW2NfNgrc=
-108,-53,fZ5c//a2NdL0roFrR1E9nF861qk=,/KWtbbsCbQmmlargnxIW2NfNgrc=
-105,-53,fZ5c//a2NdL0roFrR1E9nF861qk=,/KWtbbsCbQmmlargnxIW2NfNgrc=
-103,-53,fZ5c//a2NdL0roFrR1E9nF861qk=,/KWtbbsCbQmmlargnxIW2NfNgrc=
-102,-53,fZ5c//a2NdL0roFrR1E9nF861qk=,/KWtbbsCbQmmlargnxIW2NfNgrc=
-101,-53,fZ5c//a2NdL0roFrR1E9nF861qk=,/KWtbbsCbQmmlargnxIW2NfNgrc=
-100,-53,fZ5c//a2NdL0roFrR1E9nF861qk=,/KWtbbsCbQmmlargnxIW2NfNgrc=
-98,-53,fZ5c//a2NdL0roFrR1E9nF861qk=,/KWtbbsCbQmmlargnxIW2NfNgrc=
-98,-63,fZ5c//a2NdL0roFrR1E9nF861qk=,/KWtbbsCbQmmlargnxIW2NfNgrc=
-97,-53,JlmU3ZdsCrH24Vru4abwT3Zqhw8=,/KWtbbsCbQmmlargnxIW2NfNgrc=
-97,-63,JlmU3ZdsCrH24Vru4abwT3Zqhw8=,/KWtbbsCbQmmlargnxIW2NfNgrc=
-104,-53,JlmU3ZdsCrH24Vru4abwT3Zqhw8=,/KWtbbsCbQmmlargnxIW2NfNgrc=
-112,-62,JlmU3ZdsCrH24Vru4abwT3Zqhw8=,/KWtbbsCbQmmlargnxIW2NfNgrc=
-98,-64,JlmU3ZdsCrH24Vru4abwT3Zqhw8=,/KWtbbsCbQmmlargnxIW2NfNgrc=
-110,-64,JlmU3ZdsCrH24Vru4abwT3Zqhw8=,/KWtbbsCbQmmlargnxIW2NfNgrc=
-112,-61,JlmU3ZdsCrH24Vru4abwT3Zqhw8=,/KWtbbsCbQmmlargnxIW2NfNgrc=
-97,-64,JlmU3ZdsCrH24Vru4abwT3Zqhw8=,/KWtbbsCbQmmlargnxIW2NfNgrc=
-112,-63,JlmU3ZdsCrH24Vru4abwT3Zqhw8=,/KWtbbsCbQmmlargnxIW2NfNgrc=
-111,-63,JlmU3ZdsCrH24Vru4abwT3Zqhw8=,/KWtbbsCbQmmlargnxIW2NfNgrc=
-112,-52,JlmU3ZdsCrH24Vru4abwT3Zqhw8=,/KWtbbsCbQmmlargnxIW2NfNgrc=
-111,-52,JlmU3ZdsCrH24Vru4abwT3Zqhw8=,/KWtbbsCbQmmlargnxIW2NfNgrc=
-106,-53,JlmU3ZdsCrH24Vru4abwT3Zqhw8=,/KWtbbsCbQmmlargnxIW2NfNgrc=
-110,-52,JlmU3ZdsCrH24Vru4abwT3Zqhw8=,/KWtbbsCbQmmlargnxIW2NfNgrc=
-108,-52,JlmU3ZdsCrH24Vru4abwT3Zqhw8=,/KWtbbsCbQmmlargnxIW2NfNgrc=
-109,-52,JlmU3ZdsCrH24Vru4abwT3Zqhw8=,/KWtbbsCbQmmlargnxIW2NfNgrc=
-106,-52,JlmU3ZdsCrH24Vru4abwT3Zqhw8=,/KWtbbsCbQmmlargnxIW2NfNgrc=
-105,-52,JlmU3ZdsCrH24Vru4abwT3Zqhw8=,/KWtbbsCbQmmlargnxIW2NfNgrc=
-104,-52,n0G3YNsnVz+L7sflLsxkcezblm4=,/KWtbbsCbQmmlargnxIW2NfNgrc=
-103,-52,n0G3YNsnVz+L7sflLsxkcezblm4=,/KWtbbsCbQmmlargnxIW2NfNgrc=
-102,-52,n0G3YNsnVz+L7sflLsxkcezblm4=,/KWtbbsCbQmmlargnxIW2NfNgrc=
-101,-52,n0G3YNsnVz+L7sflLsxkcezblm4=,/KWtbbsCbQmmlargnxIW2NfNgrc=
-100,-52,n0G3YNsnVz+L7sflLsxkcezblm4=,/KWtbbsCbQmmlargnxIW2NfNgrc=
-99,-52,n0G3YNsnVz+L7sflLsxkcezblm4=,/KWtbbsCbQmmlargnxIW2NfNgrc=
-98,-52,n0G3YNsnVz+L7sflLsxkcezblm4=,/KWtbbsCbQmmlargnxIW2NfNgrc=
-97,-52,n0G3YNsnVz+L7sflLsxkcezblm4=,/KWtbbsCbQmmlargnxIW2NfNgrc=
-111,-62,n0G3YNsnVz+L7sflLsxkcezblm4=,/KWtbbsCbQmmlargnxIW2NfNgrc=
-110,-63,n0G3YNsnVz+L7sflLsxkcezblm4=,/KWtbbsCbQmmlargnxIW2NfNgrc=
-112,-51,n0G3YNsnVz+L7sflLsxkcezblm4=,/KWtbbsCbQmmlargnxIW2NfNgrc=
-111,-51,n0G3YNsnVz+L7sflLsxkcezblm4=,/KWtbbsCbQmmlargnxIW2NfNgrc=
-110,-51,n0G3YNsnVz+L7sflLsxkcezblm4=,/KWtbbsCbQmmlargnxIW2NfNgrc=
-109,-51,n0G3YNsnVz+L7sflLsxkcezblm4=,/KWtbbsCbQmmlargnxIW2NfNgrc=
-107,-52,n0G3YNsnVz+L7sflLsxkcezblm4=,/KWtbbsCbQmmlargnxIW2NfNgrc=
-106,-51,DdJrOFfUKXq1jD51gFHitk7Eguc=,/KWtbbsCbQmmlargnxIW2NfNgrc=
-105,-51,DdJrOFfUKXq1jD51gFHitk7Eguc=,/KWtbbsCbQmmlargnxIW2NfNgrc=
-103,-51,DdJrOFfUKXq1jD51gFHitk7Eguc=,/KWtbbsCbQmmlargnxIW2NfNgrc=
-102,-51,DdJrOFfUKXq1jD51gFHitk7Eguc=,/KWtbbsCbQmmlargnxIW2NfNgrc=
-101,-51,DdJrOFfUKXq1jD51gFHitk7Eguc=,/KWtbbsCbQmmlargnxIW2NfNgrc=
-100,-51,DdJrOFfUKXq1jD51gFHitk7Eguc=,/KWtbbsCbQmmlargnxIW2NfNgrc=
-99,-51,DdJrOFfUKXq1jD51gFHitk7Eguc=,/KWtbbsCbQmmlargnxIW2NfNgrc=
-98,-51,DdJrOFfUKXq1jD51gFHitk7Eguc=,/KWtbbsCbQmmlargnxIW2NfNgrc=
-107,-51,DdJrOFfUKXq1jD51gFHitk7Eguc=,/KWtbbsCbQmmlargnxIW2NfNgrc=
-110,-62,DdJrOFfUKXq1jD51gFHitk7Eguc=,/KWtbbsCbQmmlargnxIW2NfNgrc=
-109,-63,DdJrOFfUKXq1jD51gFHitk7Eguc=,/KWtbbsCbQmmlargnxIW2NfNgrc=
-112,-50,DdJrOFfUKXq1jD51gFHitk7Eguc=,/KWtbbsCbQmmlargnxIW2NfNgrc=
-97,-51,DdJrOFfUKXq1jD51gFHitk7Eguc=,/KWtbbsCbQmmlargnxIW2NfNgrc=
-111,-50,DdJrOFfUKXq1jD51gFHitk7Eguc=,/KWtbbsCbQmmlargnxIW2NfNgrc=
-110,-50,DdJrOFfUKXq1jD51gFHitk7Eguc=,/KWtbbsCbQmmlargnxIW2NfNgrc=
-109,-50,DdJrOFfUKXq1jD51gFHitk7Eguc=,/KWtbbsCbQmmlargnxIW2NfNgrc=
-108,-50,DdJrOFfUKXq1jD51gFHitk7Eguc=,/KWtbbsCbQmmlargnxIW2NfNgrc=
-107,-50,JgbxMeCiMj1n2DuIYNugWTwRluk=,/KWtbbsCbQmmlargnxIW2NfNgrc=
-105,-50,JgbxMeCiMj1n2DuIYNugWTwRluk=,/KWtbbsCbQmmlargnxIW2NfNgrc=
-106,-50,JgbxMeCiMj1n2DuIYNugWTwRluk=,/KWtbbsCbQmmlargnxIW2NfNgrc=
-103,-50,JgbxMeCiMj1n2DuIYNugWTwRluk=,/KWtbbsCbQmmlargnxIW2NfNgrc=
-102,-50,JgbxMeCiMj1n2DuIYNugWTwRluk=,/KWtbbsCbQmmlargnxIW2NfNgrc=
-101,-50,JgbxMeCiMj1n2DuIYNugWTwRluk=,/KWtbbsCbQmmlargnxIW2NfNgrc=
-100,-50,JgbxMeCiMj1n2DuIYNugWTwRluk=,/KWtbbsCbQmmlargnxIW2NfNgrc=
-104,-50,JgbxMeCiMj1n2DuIYNugWTwRluk=,/KWtbbsCbQmmlargnxIW2NfNgrc=
-99,-50,JgbxMeCiMj1n2DuIYNugWTwRluk=,/KWtbbsCbQmmlargnxIW2NfNgrc=
-109,-62,JgbxMeCiMj1n2DuIYNugWTwRluk=,/KWtbbsCbQmmlargnxIW2NfNgrc=
-97,-50,JgbxMeCiMj1n2DuIYNugWTwRluk=,/KWtbbsCbQmmlargnxIW2NfNgrc=
-108,-64,JgbxMeCiMj1n2DuIYNugWTwRluk=,/KWtbbsCbQmmlargnxIW2NfNgrc=
-112,-49,JgbxMeCiMj1n2DuIYNugWTwRluk=,/KWtbbsCbQmmlargnxIW2NfNgrc=
-111,-61,JgbxMeCiMj1n2DuIYNugWTwRluk=,/KWtbbsCbQmmlargnxIW2NfNgrc=
-98,-50,JgbxMeCiMj1n2DuIYNugWTwRluk=,/KWtbbsCbQmmlargnxIW2NfNgrc=
-111,-49,JgbxMeCiMj1n2DuIYNugWTwRluk=,/KWtbbsCbQmmlargnxIW2NfNgrc=
-110,-49,GeBuG+G62u4xlTXCPLbcqqfL++k=,/KWtbbsCbQmmlargnxIW2NfNgrc=
-109,-49,GeBuG+G62u4xlTXCPLbcqqfL++k=,/KWtbbsCbQmmlargnxIW2NfNgrc=
-108,-49,GeBuG+G62u4xlTXCPLbcqqfL++k=,/KWtbbsCbQmmlargnxIW2NfNgrc=
-107,-49,GeBuG+G62u4xlTXCPLbcqqfL++k=,/KWtbbsCbQmmlargnxIW2NfNgrc=
-103,-49,GeBuG+G62u4xlTXCPLbcqqfL++k=,/KWtbbsCbQmmlargnxIW2NfNgrc=
-102,-49,GeBuG+G62u4xlTXCPLbcqqfL++k=,/KWtbbsCbQmmlargnxIW2NfNgrc=
-101,-49,GeBuG+G62u4xlTXCPLbcqqfL++k=,/KWtbbsCbQmmlargnxIW2NfNgrc=
-100,-49,GeBuG+G62u4xlTXCPLbcqqfL++k=,/KWtbbsCbQmmlargnxIW2NfNgrc=
-99,-49,GeBuG+G62u4xlTXCPLbcqqfL++k=,/KWtbbsCbQmmlargnxIW2NfNgrc=
-98,-49,GeBuG+G62u4xlTXCPLbcqqfL++k=,/KWtbbsCbQmmlargnxIW2NfNgrc=
-108,-62,GeBuG+G62u4xlTXCPLbcqqfL++k=,/KWtbbsCbQmmlargnxIW2NfNgrc=
-97,-49,GeBuG+G62u4xlTXCPLbcqqfL++k=,/KWtbbsCbQmmlargnxIW2NfNgrc=
-110,-61,GeBuG+G62u4xlTXCPLbcqqfL++k=,/KWtbbsCbQmmlargnxIW2NfNgrc=
-111,-64,GeBuG+G62u4xlTXCPLbcqqfL++k=,/KWtbbsCbQmmlargnxIW2NfNgrc=
-101,-60,dclW7kUY3V2/s2PhlhMuw2tsg/c=,/KWtbbsCbQmmlargnxIW2NfNgrc=
-102,-60,dclW7kUY3V2/s2PhlhMuw2tsg/c=,/KWtbbsCbQmmlargnxIW2NfNgrc=
-101,-59,oX6oC16hB/+kM54BxSbx/H8pVqY=,/KWtbbsCbQmmlargnxIW2NfNgrc=
-107,-59,oX6oC16hB/+kM54BxSbx/H8pVqY=,/KWtbbsCbQmmlargnxIW2NfNgrc=
-106,-49,r9G/jU6HaQj6y/yO1k5Wf6rDS2s=,/KWtbbsCbQmmlargnxIW2NfNgrc=
-103,-59,gZM//ZanFkE8l5lGP63tjx7fbQI=,/KWtbbsCbQmmlargnxIW2NfNgrc=
-103,-64,HjF4kNjd9oxyLIDMrFWLpmvsGDU=,/KWtbbsCbQmmlargnxIW2NfNgrc=
-98,-58,HjF4kNjd9oxyLIDMrFWLpmvsGDU=,/KWtbbsCbQmmlargnxIW2NfNgrc=
-100,-57,gYMtIy3B/hzneRXU3Z8BmCg1YvQ=,/KWtbbsCbQmmlargnxIW2NfNgrc=
-106,-57,gYMtIy3B/hzneRXU3Z8BmCg1YvQ=,/KWtbbsCbQmmlargnxIW2NfNgrc=
-100,-56,TLcOV21UVnlDDUzJI13fMhFMkpU=,/KWtbbsCbQmmlargnxIW2NfNgrc=
-104,-56,TLcOV21UVnlDDUzJI13fMhFMkpU=,/KWtbbsCbQmmlargnxIW2NfNgrc=
-99,-62,nmBju/embXO/sL2JDZEjX/PBpp4=,/KWtbbsCbQmmlargnxIW2NfNgrc=
-112,-54,nmBju/embXO/sL2JDZEjX/PBpp4=,/KWtbbsCbQmmlargnxIW2NfNgrc=
-100,-54,fZ5c//a2NdL0roFrR1E9nF861qk=,/KWtbbsCbQmmlargnxIW2NfNgrc=
-103,-54,fZ5c//a2NdL0roFrR1E9nF861qk=,/KWtbbsCbQmmlargnxIW2NfNgrc=
-99,-53,JlmU3ZdsCrH24Vru4abwT3Zqhw8=,/KWtbbsCbQmmlargnxIW2NfNgrc=
-97,-62,JlmU3ZdsCrH24Vru4abwT3Zqhw8=,/KWtbbsCbQmmlargnxIW2NfNgrc=
-104,-51,r9G/jU6HaQj6y/yO1k5Wf6rDS2s=,/KWtbbsCbQmmlargnxIW2NfNgrc=
-108,-51,DdJrOFfUKXq1jD51gFHitk7Eguc=,/KWtbbsCbQmmlargnxIW2NfNgrc=
-105,-49,GeBuG+G62u4xlTXCPLbcqqfL++k=,/KWtbbsCbQmmlargnxIW2NfNgrc=
-104,-49,GeBuG+G62u4xlTXCPLbcqqfL++k=,/KWtbbsCbQmmlargnxIW2NfNgrc=
-107,-58,r9G/jU6HaQj6y/yO1k5Wf6rDS2s=,/KWtbbsCbQmmlargnxIW2NfNgrc=
